symbol,source_index,removed_hash,kept_hash,reason,url
AMZN,1,b40570e93b341d6b97961aeba6a7f192f339e7f2fe86f48ab1c5f1ea7bc9b571,b40570e93b341d6b97961aeba6a7f192f339e7f2fe86f48ab1c5f1ea7bc9b571,EXACT_DUPLICATE_RECORD,https://www.nasdaq.com/articles/here-are-top-stocks-congress-has-been-buying-lately
AMZN,14,b797ddb53dd8e3dbba12958dbe8ac04ee9e1813e40ea9f8ed6dda4dfa5c1beb9,b797ddb53dd8e3dbba12958dbe8ac04ee9e1813e40ea9f8ed6dda4dfa5c1beb9,EXACT_DUPLICATE_RECORD,https://www.nasdaq.com/articles/2-no-brainer-ai-stocks-buy-right-now-0
AMZN,15,af05f3b7ac38759cf6a2f7652e158061ab9586627267ac15265153a97b0bf495,af05f3b7ac38759cf6a2f7652e158061ab9586627267ac15265153a97b0bf495,EXACT_DUPLICATE_RECORD,https://www.nasdaq.com/articles/stock-market-sell-2-brilliant-ai-stocks-buy-hand-over-fist-right-now-according-wall-street
AMZN,16,b797ddb53dd8e3dbba12958dbe8ac04ee9e1813e40ea9f8ed6dda4dfa5c1beb9,b797ddb53dd8e3dbba12958dbe8ac04ee9e1813e40ea9f8ed6dda4dfa5c1beb9,EXACT_DUPLICATE_RECORD,https://www.nasdaq.com/articles/2-no-brainer-ai-stocks-buy-right-now-0
AMZN,17,af05f3b7ac38759cf6a2f7652e158061ab9586627267ac15265153a97b0bf495,af05f3b7ac38759cf6a2f7652e158061ab9586627267ac15265153a97b0bf495,EXACT_DUPLICATE_RECORD,https://www.nasdaq.com/articles/stock-market-sell-2-brilliant-ai-stocks-buy-hand-over-fist-right-now-according-wall-street
AMZN,18,3842933ecfffdb162f082d5619c1c09a54f02e14ff8209a06c39203b2cd4fe79,3842933ecfffdb162f082d5619c1c09a54f02e14ff8209a06c39203b2cd4fe79,EXACT_DUPLICATE_RECORD,https://www.nasdaq.com/articles/5-warren-buffett-stocks-you-can-buy-right-now-sale-and-2-id-avoid-now
AMZN,34,6864a59cf252e46dd99d56664b2afb82e8cec4da39ae1c91f2d6893f851ce02d,6864a59cf252e46dd99d56664b2afb82e8cec4da39ae1c91f2d6893f851ce02d,EXACT_DUPLICATE_RECORD,https://www.nasdaq.com/articles/new-bill-representative-donald-norcrossdonald-norcross-introduces-hr-2692-no-tax-breaks
AMZN,42,b434f1aa7285412dd15dd1dd9fd4452e65a111a7043568b5ee13039ce0a3c2f8,b434f1aa7285412dd15dd1dd9fd4452e65a111a7043568b5ee13039ce0a3c2f8,EXACT_DUPLICATE_RECORD,https://www.nasdaq.com/articles/noteworthy-etf-inflows-splg-amzn-meta-googl-0
AMZN,43,9de565a82a158ff32c9a3d18b41727a5065fd8f3dcf02e3955cf131098ef11ff,9de565a82a158ff32c9a3d18b41727a5065fd8f3dcf02e3955cf131098ef11ff,EXACT_DUPLICATE_RECORD,https://www.nasdaq.com/articles/inod-shares-surge-493-year-buy-hold-or-sell-stock
AMZN,44,19019ed718b29548606556923efd10455ecbc153537dca463c367ed4703bc29f,19019ed718b29548606556923efd10455ecbc153537dca463c367ed4703bc29f,EXACT_DUPLICATE_RECORD,https://www.nasdaq.com/articles/heres-why-amazon-amzn-strong-growth-stock-3
AMZN,45,e593c26e28b59f358f7127501dfe8b15a77ab486be9499a7f35d1b4cbe32d886,e593c26e28b59f358f7127501dfe8b15a77ab486be9499a7f35d1b4cbe32d886,EXACT_DUPLICATE_RECORD,https://www.nasdaq.com/articles/fund-update-mission-wealth-management-lp-just-disclosed-new-holdings
AMZN,46,2056434fffcc87796e57ad531639bdd988f13b3259c662ae61bd45dee380e558,2056434fffcc87796e57ad531639bdd988f13b3259c662ae61bd45dee380e558,EXACT_DUPLICATE_RECORD,https://www.nasdaq.com/articles/3-key-reasons-buy-alibaba-stock-beyond-its-259-year-date-surge
AMZN,47,c84ed500be7257e19203460c6308351b3196af1626ad872fd4f3b0664d45881f,c84ed500be7257e19203460c6308351b3196af1626ad872fd4f3b0664d45881f,EXACT_DUPLICATE_RECORD,https://www.nasdaq.com/articles/meta-platforms-dips-14-month-buy-sell-or-hold-stock
AMZN,48,526e44ac81814b11f291586f8bf48b5b43954afc5da08ce19213a0e50136bdce,526e44ac81814b11f291586f8bf48b5b43954afc5da08ce19213a0e50136bdce,EXACT_DUPLICATE_RECORD,https://www.nasdaq.com/articles/why-nvidia-stock-remains-good-buy-despite-55b-setback
AMZN,49,62475ada6c6a0979bdd0af23df224ef3c9fc76f76d78a22743a4fd9de73a4099,62475ada6c6a0979bdd0af23df224ef3c9fc76f76d78a22743a4fd9de73a4099,EXACT_DUPLICATE_RECORD,https://www.nasdaq.com/articles/new-bill-representative-donald-norcross-introduces-hr-2692-no-tax-breaks-union-busting
AMZN,50,dcf5a5075c410e0c2fc39a3c26cb44b7a1911822fc6514469d332e3ad6d8ec68,dcf5a5075c410e0c2fc39a3c26cb44b7a1911822fc6514469d332e3ad6d8ec68,EXACT_DUPLICATE_RECORD,https://www.nasdaq.com/articles/fund-update-mn-services-vermogensbeheer-bv-just-disclosed-new-holdings
AMZN,51,2f85770b66974f22a928661410f875028bb88d19dd7a47de80e3537960a790bc,2f85770b66974f22a928661410f875028bb88d19dd7a47de80e3537960a790bc,EXACT_DUPLICATE_RECORD,https://www.nasdaq.com/articles/where-will-amazon-stock-be-5-years-3
AMZN,52,ae42fbc3c1be6c136d10faac3f404a403d2cc57c837d5e38c03e724a8e77e5a3,ae42fbc3c1be6c136d10faac3f404a403d2cc57c837d5e38c03e724a8e77e5a3,EXACT_DUPLICATE_RECORD,https://www.nasdaq.com/articles/should-vanguard-sp-500-value-etf-voov-be-your-investing-radar-4
AMZN,53,a50b87002f9b7cb96e5c492811dc75e305943d90ecae543b7bbb59bceb82fc95,a50b87002f9b7cb96e5c492811dc75e305943d90ecae543b7bbb59bceb82fc95,EXACT_DUPLICATE_RECORD,https://www.nasdaq.com/articles/roku-falls-214-ytd-should-investors-hold-or-fold-stock
AMZN,54,2f85770b66974f22a928661410f875028bb88d19dd7a47de80e3537960a790bc,2f85770b66974f22a928661410f875028bb88d19dd7a47de80e3537960a790bc,EXACT_DUPLICATE_RECORD,https://www.nasdaq.com/articles/where-will-amazon-stock-be-5-years-3
AMZN,55,19019ed718b29548606556923efd10455ecbc153537dca463c367ed4703bc29f,19019ed718b29548606556923efd10455ecbc153537dca463c367ed4703bc29f,EXACT_DUPLICATE_RECORD,https://www.nasdaq.com/articles/heres-why-amazon-amzn-strong-growth-stock-3
AMZN,56,d86e3af83394c58c1ae45f3f1c3ec31e32385fd8da9745ec31254e678d49ecaf,d86e3af83394c58c1ae45f3f1c3ec31e32385fd8da9745ec31254e678d49ecaf,EXACT_DUPLICATE_RECORD,https://www.nasdaq.com/articles/stocks-plummet-semiconductor-weakness-and-powell-comments
AMZN,57,a9eea24eb6685bbc62b38f36fa4f447da3354e213bc038d9bf6a2de2c3726bd2,a9eea24eb6685bbc62b38f36fa4f447da3354e213bc038d9bf6a2de2c3726bd2,EXACT_DUPLICATE_RECORD,https://www.nasdaq.com/articles/guru-fundamental-report-amzn-90
AMZN,58,4a3aba839a3f77bfa60ea20d5eea982180edf7f7d8e45a6318052315df8db87f,4a3aba839a3f77bfa60ea20d5eea982180edf7f7d8e45a6318052315df8db87f,EXACT_DUPLICATE_RECORD,https://www.nasdaq.com/articles/3-reasons-look-amazon-ahead-earnings
AMZN,59,6626ea97db69fc909696e1c5d62cd935960758a4b4be7bc1f2ca0796e8f7f2fa,6626ea97db69fc909696e1c5d62cd935960758a4b4be7bc1f2ca0796e8f7f2fa,EXACT_DUPLICATE_RECORD,https://www.nasdaq.com/articles/trumps-tariffs-2-growth-stocks-are-no-brainer-buys-dip
AMZN,60,62475ada6c6a0979bdd0af23df224ef3c9fc76f76d78a22743a4fd9de73a4099,62475ada6c6a0979bdd0af23df224ef3c9fc76f76d78a22743a4fd9de73a4099,EXACT_DUPLICATE_RECORD,https://www.nasdaq.com/articles/new-bill-representative-donald-norcross-introduces-hr-2692-no-tax-breaks-union-busting
AMZN,61,b434f1aa7285412dd15dd1dd9fd4452e65a111a7043568b5ee13039ce0a3c2f8,b434f1aa7285412dd15dd1dd9fd4452e65a111a7043568b5ee13039ce0a3c2f8,EXACT_DUPLICATE_RECORD,https://www.nasdaq.com/articles/noteworthy-etf-inflows-splg-amzn-meta-googl-0
AMZN,62,526e44ac81814b11f291586f8bf48b5b43954afc5da08ce19213a0e50136bdce,526e44ac81814b11f291586f8bf48b5b43954afc5da08ce19213a0e50136bdce,EXACT_DUPLICATE_RECORD,https://www.nasdaq.com/articles/why-nvidia-stock-remains-good-buy-despite-55b-setback
AMZN,63,c84ed500be7257e19203460c6308351b3196af1626ad872fd4f3b0664d45881f,c84ed500be7257e19203460c6308351b3196af1626ad872fd4f3b0664d45881f,EXACT_DUPLICATE_RECORD,https://www.nasdaq.com/articles/meta-platforms-dips-14-month-buy-sell-or-hold-stock
AMZN,64,2056434fffcc87796e57ad531639bdd988f13b3259c662ae61bd45dee380e558,2056434fffcc87796e57ad531639bdd988f13b3259c662ae61bd45dee380e558,EXACT_DUPLICATE_RECORD,https://www.nasdaq.com/articles/3-key-reasons-buy-alibaba-stock-beyond-its-259-year-date-surge
AMZN,65,e593c26e28b59f358f7127501dfe8b15a77ab486be9499a7f35d1b4cbe32d886,e593c26e28b59f358f7127501dfe8b15a77ab486be9499a7f35d1b4cbe32d886,EXACT_DUPLICATE_RECORD,https://www.nasdaq.com/articles/fund-update-mission-wealth-management-lp-just-disclosed-new-holdings
AMZN,66,6864a59cf252e46dd99d56664b2afb82e8cec4da39ae1c91f2d6893f851ce02d,6864a59cf252e46dd99d56664b2afb82e8cec4da39ae1c91f2d6893f851ce02d,EXACT_DUPLICATE_RECORD,https://www.nasdaq.com/articles/new-bill-representative-donald-norcrossdonald-norcross-introduces-hr-2692-no-tax-breaks
AMZN,67,9de565a82a158ff32c9a3d18b41727a5065fd8f3dcf02e3955cf131098ef11ff,9de565a82a158ff32c9a3d18b41727a5065fd8f3dcf02e3955cf131098ef11ff,EXACT_DUPLICATE_RECORD,https://www.nasdaq.com/articles/inod-shares-surge-493-year-buy-hold-or-sell-stock
AMZN,68,dcf5a5075c410e0c2fc39a3c26cb44b7a1911822fc6514469d332e3ad6d8ec68,dcf5a5075c410e0c2fc39a3c26cb44b7a1911822fc6514469d332e3ad6d8ec68,EXACT_DUPLICATE_RECORD,https://www.nasdaq.com/articles/fund-update-mn-services-vermogensbeheer-bv-just-disclosed-new-holdings
AMZN,69,a50b87002f9b7cb96e5c492811dc75e305943d90ecae543b7bbb59bceb82fc95,a50b87002f9b7cb96e5c492811dc75e305943d90ecae543b7bbb59bceb82fc95,EXACT_DUPLICATE_RECORD,https://www.nasdaq.com/articles/roku-falls-214-ytd-should-investors-hold-or-fold-stock
AMZN,70,a0bd07517cd6603922a0500a4d4048386a019f1e3909bf8d818ff96ddd49f556,a0bd07517cd6603922a0500a4d4048386a019f1e3909bf8d818ff96ddd49f556,EXACT_DUPLICATE_RECORD,https://www.nasdaq.com/articles/bull-day-sprouts-farmers-market-sfm-1
AMZN,71,74f06c4bb6af718c5353240ac8e4abdbb9cb0fa2ea491c38c2dfa94333e2abe5,74f06c4bb6af718c5353240ac8e4abdbb9cb0fa2ea491c38c2dfa94333e2abe5,EXACT_DUPLICATE_RECORD,https://www.nasdaq.com/articles/best-stocks-invest-50000-right-now-19
AMZN,72,d86e3af83394c58c1ae45f3f1c3ec31e32385fd8da9745ec31254e678d49ecaf,d86e3af83394c58c1ae45f3f1c3ec31e32385fd8da9745ec31254e678d49ecaf,EXACT_DUPLICATE_RECORD,https://www.nasdaq.com/articles/stocks-plummet-semiconductor-weakness-and-powell-comments
AMZN,73,a9eea24eb6685bbc62b38f36fa4f447da3354e213bc038d9bf6a2de2c3726bd2,a9eea24eb6685bbc62b38f36fa4f447da3354e213bc038d9bf6a2de2c3726bd2,EXACT_DUPLICATE_RECORD,https://www.nasdaq.com/articles/guru-fundamental-report-amzn-90
AMZN,74,4a3aba839a3f77bfa60ea20d5eea982180edf7f7d8e45a6318052315df8db87f,4a3aba839a3f77bfa60ea20d5eea982180edf7f7d8e45a6318052315df8db87f,EXACT_DUPLICATE_RECORD,https://www.nasdaq.com/articles/3-reasons-look-amazon-ahead-earnings
AMZN,75,63e00e0f3e5596db65eb46e5d4edfce682d8c7202ba570a0eaa70f340d0a9f9e,63e00e0f3e5596db65eb46e5d4edfce682d8c7202ba570a0eaa70f340d0a9f9e,EXACT_DUPLICATE_RECORD,https://www.nasdaq.com/articles/stock-market-whiplash-5-moves-protect-your-portfolio-now
AMZN,76,ae42fbc3c1be6c136d10faac3f404a403d2cc57c837d5e38c03e724a8e77e5a3,ae42fbc3c1be6c136d10faac3f404a403d2cc57c837d5e38c03e724a8e77e5a3,EXACT_DUPLICATE_RECORD,https://www.nasdaq.com/articles/should-vanguard-sp-500-value-etf-voov-be-your-investing-radar-4
AMZN,77,53943c5331c9ac7feb028f804b29e874c3f7d49bb5094eaaa7535b948929ef1e,53943c5331c9ac7feb028f804b29e874c3f7d49bb5094eaaa7535b948929ef1e,EXACT_DUPLICATE_RECORD,https://www.nasdaq.com/articles/should-invesco-sp-500-revenue-etf-rwl-be-your-investing-radar-4
AMZN,78,6626ea97db69fc909696e1c5d62cd935960758a4b4be7bc1f2ca0796e8f7f2fa,6626ea97db69fc909696e1c5d62cd935960758a4b4be7bc1f2ca0796e8f7f2fa,EXACT_DUPLICATE_RECORD,https://www.nasdaq.com/articles/trumps-tariffs-2-growth-stocks-are-no-brainer-buys-dip
AMZN,79,e2137a8c70132a20c621d733e7e49dd6609f68c730311ca4f5ab9add0feaa393,e2137a8c70132a20c621d733e7e49dd6609f68c730311ca4f5ab9add0feaa393,EXACT_DUPLICATE_RECORD,https://www.nasdaq.com/articles/history-suggests-now-could-be-smart-time-buy-amazon-stock
AMZN,80,63e00e0f3e5596db65eb46e5d4edfce682d8c7202ba570a0eaa70f340d0a9f9e,63e00e0f3e5596db65eb46e5d4edfce682d8c7202ba570a0eaa70f340d0a9f9e,EXACT_DUPLICATE_RECORD,https://www.nasdaq.com/articles/stock-market-whiplash-5-moves-protect-your-portfolio-now
AMZN,81,a0bd07517cd6603922a0500a4d4048386a019f1e3909bf8d818ff96ddd49f556,a0bd07517cd6603922a0500a4d4048386a019f1e3909bf8d818ff96ddd49f556,EXACT_DUPLICATE_RECORD,https://www.nasdaq.com/articles/bull-day-sprouts-farmers-market-sfm-1
AMZN,82,53943c5331c9ac7feb028f804b29e874c3f7d49bb5094eaaa7535b948929ef1e,53943c5331c9ac7feb028f804b29e874c3f7d49bb5094eaaa7535b948929ef1e,EXACT_DUPLICATE_RECORD,https://www.nasdaq.com/articles/should-invesco-sp-500-revenue-etf-rwl-be-your-investing-radar-4
AMZN,83,74f06c4bb6af718c5353240ac8e4abdbb9cb0fa2ea491c38c2dfa94333e2abe5,74f06c4bb6af718c5353240ac8e4abdbb9cb0fa2ea491c38c2dfa94333e2abe5,EXACT_DUPLICATE_RECORD,https://www.nasdaq.com/articles/best-stocks-invest-50000-right-now-19
AMZN,84,e2137a8c70132a20c621d733e7e49dd6609f68c730311ca4f5ab9add0feaa393,e2137a8c70132a20c621d733e7e49dd6609f68c730311ca4f5ab9add0feaa393,EXACT_DUPLICATE_RECORD,https://www.nasdaq.com/articles/history-suggests-now-could-be-smart-time-buy-amazon-stock
AMZN,87,4877e7ef010c8dc3d3a039a5232767743d1ed090777218dfbbd076b506014b90,4877e7ef010c8dc3d3a039a5232767743d1ed090777218dfbbd076b506014b90,EXACT_DUPLICATE_RECORD,https://www.nasdaq.com/articles/1-brilliant-nasdaq-index-fund-buy-now-soared-360-last-decade
AMZN,101,bf31bd81eb2a2bd524afebc10b7881515bb089e9d73a775ec1a7bfc7b85f5318,bf31bd81eb2a2bd524afebc10b7881515bb089e9d73a775ec1a7bfc7b85f5318,EXACT_DUPLICATE_RECORD,https://www.nasdaq.com/articles/stocks-retreat-weakness-chip-makers
AMZN,103,08515e2573dd73009d4c32772759c8fbbf1a4692780369157e83c10958e1bf91,08515e2573dd73009d4c32772759c8fbbf1a4692780369157e83c10958e1bf91,EXACT_DUPLICATE_RECORD,https://www.nasdaq.com/articles/alphabet-stock-better-play-amazon
AMZN,104,0b00f3cfd61aa7b46650366e4a252314f2a319217b055f90b2c2c30c061bd960,0b00f3cfd61aa7b46650366e4a252314f2a319217b055f90b2c2c30c061bd960,EXACT_DUPLICATE_RECORD,https://www.nasdaq.com/articles/twilio-plunges-18-ytd-twlo-stock-still-worth-retaining
AMZN,105,81902d0ff590d1bcb266b925893a3c2c8e07926aff34ee8e4a752465f8400ec8,81902d0ff590d1bcb266b925893a3c2c8e07926aff34ee8e4a752465f8400ec8,EXACT_DUPLICATE_RECORD,https://www.nasdaq.com/articles/stocks-extend-losses-cautious-powell-remarks
AMZN,106,bc70cb0d4212721258c773c2c3964a5cfd9c434cebb5ca1773a6e216714dbca5,bc70cb0d4212721258c773c2c3964a5cfd9c434cebb5ca1773a6e216714dbca5,EXACT_DUPLICATE_RECORD,https://www.nasdaq.com/articles/2-growth-stocks-down-20-or-more-buy-right-now-0
AMZN,107,5b99e3b29799566bcfc60dcde93eec86aed7f52c5df069c10461566f0d63c93a,5b99e3b29799566bcfc60dcde93eec86aed7f52c5df069c10461566f0d63c93a,EXACT_DUPLICATE_RECORD,https://www.nasdaq.com/articles/amd-chips-face-us-export-control-buy-sell-or-hold-stock
AMZN,108,60f385eb05e28e26c49743baf40482b2d93621053eecc554b93bb21d591817a1,60f385eb05e28e26c49743baf40482b2d93621053eecc554b93bb21d591817a1,EXACT_DUPLICATE_RECORD,https://www.nasdaq.com/articles/down-17-it-time-buy-dip-nvidia-stock
AMZN,109,5b99e3b29799566bcfc60dcde93eec86aed7f52c5df069c10461566f0d63c93a,5b99e3b29799566bcfc60dcde93eec86aed7f52c5df069c10461566f0d63c93a,EXACT_DUPLICATE_RECORD,https://www.nasdaq.com/articles/amd-chips-face-us-export-control-buy-sell-or-hold-stock
AMZN,110,81902d0ff590d1bcb266b925893a3c2c8e07926aff34ee8e4a752465f8400ec8,81902d0ff590d1bcb266b925893a3c2c8e07926aff34ee8e4a752465f8400ec8,EXACT_DUPLICATE_RECORD,https://www.nasdaq.com/articles/stocks-extend-losses-cautious-powell-remarks
AMZN,111,bf31bd81eb2a2bd524afebc10b7881515bb089e9d73a775ec1a7bfc7b85f5318,bf31bd81eb2a2bd524afebc10b7881515bb089e9d73a775ec1a7bfc7b85f5318,EXACT_DUPLICATE_RECORD,https://www.nasdaq.com/articles/stocks-retreat-weakness-chip-makers
AMZN,112,08515e2573dd73009d4c32772759c8fbbf1a4692780369157e83c10958e1bf91,08515e2573dd73009d4c32772759c8fbbf1a4692780369157e83c10958e1bf91,EXACT_DUPLICATE_RECORD,https://www.nasdaq.com/articles/alphabet-stock-better-play-amazon
AMZN,113,60f385eb05e28e26c49743baf40482b2d93621053eecc554b93bb21d591817a1,60f385eb05e28e26c49743baf40482b2d93621053eecc554b93bb21d591817a1,EXACT_DUPLICATE_RECORD,https://www.nasdaq.com/articles/down-17-it-time-buy-dip-nvidia-stock
AMZN,114,476ca30db14a41c93b90badd74ddfdf7eff9bf6d34122d75b005417cdc27ff7d,476ca30db14a41c93b90badd74ddfdf7eff9bf6d34122d75b005417cdc27ff7d,EXACT_DUPLICATE_RECORD,https://www.nasdaq.com/articles/could-buying-amazon-stock-today-set-you-life-5
AMZN,115,0b00f3cfd61aa7b46650366e4a252314f2a319217b055f90b2c2c30c061bd960,0b00f3cfd61aa7b46650366e4a252314f2a319217b055f90b2c2c30c061bd960,EXACT_DUPLICATE_RECORD,https://www.nasdaq.com/articles/twilio-plunges-18-ytd-twlo-stock-still-worth-retaining
AMZN,116,e7a1c693992a67ba3318c46f715d8344210e414e5d8f75972ca12530091c42bb,e7a1c693992a67ba3318c46f715d8344210e414e5d8f75972ca12530091c42bb,EXACT_DUPLICATE_RECORD,https://www.nasdaq.com/articles/should-you-buy-amazon-stock-right-now-and-hold-next-20-years
AMZN,117,91391ab381bb88d27c1203a6b4e599d8c76a2acfd435bbf974803feb384337fd,91391ab381bb88d27c1203a6b4e599d8c76a2acfd435bbf974803feb384337fd,EXACT_DUPLICATE_RECORD,https://www.nasdaq.com/articles/fund-update-compagnie-lombard-odier-scma-just-disclosed-new-holdings
AMZN,118,ad25cf3fa5d4673ee9d5b6c4e6a73b2690a8a8c4b9c0589f4b05e7e1da44a2f9,ad25cf3fa5d4673ee9d5b6c4e6a73b2690a8a8c4b9c0589f4b05e7e1da44a2f9,EXACT_DUPLICATE_RECORD,https://www.nasdaq.com/articles/fund-update-compagnie-lombard-odier-scma-opened-4005m-position-amzn-stock
AMZN,119,94426a7e4ff4ffa6b7fb3ba8308c326fc3dfc410185f236374c1cc88475350a3,94426a7e4ff4ffa6b7fb3ba8308c326fc3dfc410185f236374c1cc88475350a3,EXACT_DUPLICATE_RECORD,https://www.nasdaq.com/articles/can-international-content-boost-netflixs-seasonally-weak-q1-results
AMZN,120,3ae3f396fbdfd437ccd69a6ec074144b0967465dd34bb501bfe06cc1c28792b2,3ae3f396fbdfd437ccd69a6ec074144b0967465dd34bb501bfe06cc1c28792b2,EXACT_DUPLICATE_RECORD,https://www.nasdaq.com/articles/day-after-market-skyrocketed
AMZN,121,be87fa325bd7d6e8abfc5cbac02967509a597d9e8b4f0a5515cfdcc73baf46d3,be87fa325bd7d6e8abfc5cbac02967509a597d9e8b4f0a5515cfdcc73baf46d3,EXACT_DUPLICATE_RECORD,https://www.nasdaq.com/articles/spotify-stock-soars-18-3-months-should-you-buy-hold-or-sell
AMZN,122,4877e7ef010c8dc3d3a039a5232767743d1ed090777218dfbbd076b506014b90,4877e7ef010c8dc3d3a039a5232767743d1ed090777218dfbbd076b506014b90,EXACT_DUPLICATE_RECORD,https://www.nasdaq.com/articles/1-brilliant-nasdaq-index-fund-buy-now-soared-360-last-decade
AMZN,123,46497bd8a01164142525653387548f873c5d9603600fc05aa8b684d3e6e130bb,46497bd8a01164142525653387548f873c5d9603600fc05aa8b684d3e6e130bb,EXACT_DUPLICATE_RECORD,https://www.nasdaq.com/articles/amzn-factor-based-stock-analysis-87
AMZN,131,98cdfbd8f3c87b1d5370f3a3ce718b6bcbce2283f6a299cca0aeeb791a4038c4,98cdfbd8f3c87b1d5370f3a3ce718b6bcbce2283f6a299cca0aeeb791a4038c4,EXACT_DUPLICATE_RECORD,https://www.nasdaq.com/articles/4-reasons-alphabet-could-be-best-artificial-intelligence-ai-stock-buy-right-now
AMZN,133,755218325d42dc01f8d891949b1c9a6a1f094fdee9eda3f9f5efa5d93e5dc265,755218325d42dc01f8d891949b1c9a6a1f094fdee9eda3f9f5efa5d93e5dc265,EXACT_DUPLICATE_RECORD,https://www.nasdaq.com/articles/congress-who-traded-what-during-tariff-induced-meltdown
AMZN,134,7b668d8cf07d7bfb7656a79a570a751fa6e2b64a5dfafc66afaac9b26be59054,7b668d8cf07d7bfb7656a79a570a751fa6e2b64a5dfafc66afaac9b26be59054,EXACT_DUPLICATE_RECORD,https://www.nasdaq.com/articles/should-you-brace-mag-7-etfs-its-too-late
AMZN,135,9c05c985d8f52b5766e0d671da23c7167945cd11bd408f3ef0c9db111ba61644,9c05c985d8f52b5766e0d671da23c7167945cd11bd408f3ef0c9db111ba61644,EXACT_DUPLICATE_RECORD,https://www.nasdaq.com/articles/ai-waymo-wiz-can-these-3-factors-push-googl-stock
AMZN,136,d513c659230567b4d49197a831a83275044635b73e7b369fcee843cb6db6df2d,d513c659230567b4d49197a831a83275044635b73e7b369fcee843cb6db6df2d,EXACT_DUPLICATE_RECORD,https://www.nasdaq.com/articles/notable-tuesday-option-activity-djt-key-amzn
AMZN,137,e583e6211d97a2d9bb143f5df28e210c3d10f186726255e57593945377ab46e1,e583e6211d97a2d9bb143f5df28e210c3d10f186726255e57593945377ab46e1,EXACT_DUPLICATE_RECORD,https://www.nasdaq.com/articles/fund-update-fifth-third-bancorp-just-disclosed-new-holdings
AMZN,139,86a3dced3eb4e22f3e9ad40a8e1b34b5725caf32260597d2eca64b3d87b304c0,86a3dced3eb4e22f3e9ad40a8e1b34b5725caf32260597d2eca64b3d87b304c0,EXACT_DUPLICATE_RECORD,https://www.nasdaq.com/articles/amzn-quantitative-stock-analysis-83
AMZN,140,98b6899b25eeed75f4d1f2ef1694df1bad9dd18a1e82e2a0f23b1e208b69643a,98b6899b25eeed75f4d1f2ef1694df1bad9dd18a1e82e2a0f23b1e208b69643a,EXACT_DUPLICATE_RECORD,https://www.nasdaq.com/articles/netflix-earnings-preview-diamond-magnificent-7-rough
AMZN,142,7b668d8cf07d7bfb7656a79a570a751fa6e2b64a5dfafc66afaac9b26be59054,7b668d8cf07d7bfb7656a79a570a751fa6e2b64a5dfafc66afaac9b26be59054,EXACT_DUPLICATE_RECORD,https://www.nasdaq.com/articles/should-you-brace-mag-7-etfs-its-too-late
AMZN,146,fc41e3ff5f2d6dbad7b01750ca1c5845cf24d19f08e958be82af6e4e2574a117,fc41e3ff5f2d6dbad7b01750ca1c5845cf24d19f08e958be82af6e4e2574a117,EXACT_DUPLICATE_RECORD,https://www.nasdaq.com/articles/3-stocks-could-be-easy-wealth-builders-5
AMZN,147,2be114b89b7ac0cb000dfc53b6f83a20a62e10878a7eca89c97385e2da56242e,2be114b89b7ac0cb000dfc53b6f83a20a62e10878a7eca89c97385e2da56242e,EXACT_DUPLICATE_RECORD,https://www.nasdaq.com/articles/zacks-analyst-blog-apple-nvidia-advanced-micro-devices-amazoncom-and-alphabet
AMZN,148,86a3dced3eb4e22f3e9ad40a8e1b34b5725caf32260597d2eca64b3d87b304c0,86a3dced3eb4e22f3e9ad40a8e1b34b5725caf32260597d2eca64b3d87b304c0,EXACT_DUPLICATE_RECORD,https://www.nasdaq.com/articles/amzn-quantitative-stock-analysis-83
AMZN,149,755218325d42dc01f8d891949b1c9a6a1f094fdee9eda3f9f5efa5d93e5dc265,755218325d42dc01f8d891949b1c9a6a1f094fdee9eda3f9f5efa5d93e5dc265,EXACT_DUPLICATE_RECORD,https://www.nasdaq.com/articles/congress-who-traded-what-during-tariff-induced-meltdown
AMZN,150,386698e8402c0acf31c96c714055c4e055aef948f291a6d0c67ab0fe4483c772,386698e8402c0acf31c96c714055c4e055aef948f291a6d0c67ab0fe4483c772,EXACT_DUPLICATE_RECORD,https://www.nasdaq.com/articles/zacks-analyst-blog-apple-nvidia-advanced-micro-devices-amazoncom-and-alphabet-0
AMZN,151,98cdfbd8f3c87b1d5370f3a3ce718b6bcbce2283f6a299cca0aeeb791a4038c4,98cdfbd8f3c87b1d5370f3a3ce718b6bcbce2283f6a299cca0aeeb791a4038c4,EXACT_DUPLICATE_RECORD,https://www.nasdaq.com/articles/4-reasons-alphabet-could-be-best-artificial-intelligence-ai-stock-buy-right-now
AMZN,152,9c05c985d8f52b5766e0d671da23c7167945cd11bd408f3ef0c9db111ba61644,9c05c985d8f52b5766e0d671da23c7167945cd11bd408f3ef0c9db111ba61644,EXACT_DUPLICATE_RECORD,https://www.nasdaq.com/articles/ai-waymo-wiz-can-these-3-factors-push-googl-stock
AMZN,153,98b6899b25eeed75f4d1f2ef1694df1bad9dd18a1e82e2a0f23b1e208b69643a,98b6899b25eeed75f4d1f2ef1694df1bad9dd18a1e82e2a0f23b1e208b69643a,EXACT_DUPLICATE_RECORD,https://www.nasdaq.com/articles/netflix-earnings-preview-diamond-magnificent-7-rough
AMZN,154,d513c659230567b4d49197a831a83275044635b73e7b369fcee843cb6db6df2d,d513c659230567b4d49197a831a83275044635b73e7b369fcee843cb6db6df2d,EXACT_DUPLICATE_RECORD,https://www.nasdaq.com/articles/notable-tuesday-option-activity-djt-key-amzn
AMZN,155,e583e6211d97a2d9bb143f5df28e210c3d10f186726255e57593945377ab46e1,e583e6211d97a2d9bb143f5df28e210c3d10f186726255e57593945377ab46e1,EXACT_DUPLICATE_RECORD,https://www.nasdaq.com/articles/fund-update-fifth-third-bancorp-just-disclosed-new-holdings
AMZN,156,40a92d89add559ffa70475a7e322a10fe900e09ed274472bb3ed217db7986449,40a92d89add559ffa70475a7e322a10fe900e09ed274472bb3ed217db7986449,EXACT_DUPLICATE_RECORD,https://www.nasdaq.com/articles/2-top-tech-stocks-could-make-you-millionaire-4
AMZN,157,1ea4e29fe128f3452a3b93a8fa9eac12eee040feb60d0d665247086ef931f43f,1ea4e29fe128f3452a3b93a8fa9eac12eee040feb60d0d665247086ef931f43f,EXACT_DUPLICATE_RECORD,https://www.nasdaq.com/articles/stock-market-whiplash-3-growth-stocks-are-no-brainer-buys-bounce
AMZN,175,a8c040df340fdab276c93a62a93242d8d7430115963746b00f8b484edce52b94,a8c040df340fdab276c93a62a93242d8d7430115963746b00f8b484edce52b94,EXACT_DUPLICATE_RECORD,https://www.nasdaq.com/articles/stocks-climb-president-trump-exempts-consumer-electronics-reciprocal-tariffs
AMZN,177,f6c9c6fa25bd059e0d1013aa931de867f0c738f7b23eb3d7ec7fd39a45120732,f6c9c6fa25bd059e0d1013aa931de867f0c738f7b23eb3d7ec7fd39a45120732,EXACT_DUPLICATE_RECORD,https://www.nasdaq.com/articles/congressmember-josh-gottheimers-new-portfolio-holdings
AMZN,178,fedd1d5d4b24e160254b32d8f44ad9b8fa42a5194b06e23ec22ed101c9646ebc,fedd1d5d4b24e160254b32d8f44ad9b8fa42a5194b06e23ec22ed101c9646ebc,EXACT_DUPLICATE_RECORD,https://www.nasdaq.com/articles/stock-market-chaos-what-start-buying
AMZN,179,b9cedb53123ef72c2b07a3eff6845a3a49d55755490738c3005ed57c00d8066b,b9cedb53123ef72c2b07a3eff6845a3a49d55755490738c3005ed57c00d8066b,EXACT_DUPLICATE_RECORD,https://www.nasdaq.com/articles/tech-set-surge-tariff-pause-5-etf-picks
AMZN,180,7a6fe954a481e2c5c9c07e126c460ed2ee543ca24368624d9270bbe2473eeb9b,7a6fe954a481e2c5c9c07e126c460ed2ee543ca24368624d9270bbe2473eeb9b,EXACT_DUPLICATE_RECORD,https://www.nasdaq.com/articles/are-tariffs-amazons-kryptonite
AMZN,181,cf424599f32d426a9e54ba66a3968ca1e07559fb27363716dc93b1d6202eb4e9,cf424599f32d426a9e54ba66a3968ca1e07559fb27363716dc93b1d6202eb4e9,EXACT_DUPLICATE_RECORD,https://www.nasdaq.com/articles/dow-movers-unh-aapl-2
AMZN,182,b08ae881d6c4b3c028c2a3306744c7c227bb37e5a24d706ae2b5e31533fcff53,b08ae881d6c4b3c028c2a3306744c7c227bb37e5a24d706ae2b5e31533fcff53,EXACT_DUPLICATE_RECORD,https://www.nasdaq.com/articles/pick-microsoft-stock-over-ibm
AMZN,183,63e6576d7210d77be8532485f0b0efb2df4ce368c64f4da38aa2c2e6189ae3ed,63e6576d7210d77be8532485f0b0efb2df4ce368c64f4da38aa2c2e6189ae3ed,EXACT_DUPLICATE_RECORD,https://www.nasdaq.com/articles/netflix-gears-report-q1-earnings-buy-sell-or-hold-nflx-stock
AMZN,184,d7d2b3668e0a0763f254d8dba8d14174a503086b038d37dccf99ec43e5b5577b,d7d2b3668e0a0763f254d8dba8d14174a503086b038d37dccf99ec43e5b5577b,EXACT_DUPLICATE_RECORD,https://www.nasdaq.com/articles/which-mag-7-stock-apple-or-nvidia-should-you-buy-tariff-relief
AMZN,185,346828cf5c1e715cd956ee2cd9030826648030976908ac60a9d8c4f71091a424,346828cf5c1e715cd956ee2cd9030826648030976908ac60a9d8c4f71091a424,EXACT_DUPLICATE_RECORD,https://www.nasdaq.com/articles/monday-sector-laggards-energy-services-0
AMZN,186,30fb84fdd72d59d1ca1e8bc71653f3a38cc0b0d28a8daad8095a4263edc5458d,30fb84fdd72d59d1ca1e8bc71653f3a38cc0b0d28a8daad8095a4263edc5458d,EXACT_DUPLICATE_RECORD,https://www.nasdaq.com/articles/lobbying-update-60000-amazoncom-services-llc-lobbying-was-just-disclosed
AMZN,187,3ab9b3c7c48737e18fe37d2db2c4ddfa8329abcb7b289231583ca809a023f29e,3ab9b3c7c48737e18fe37d2db2c4ddfa8329abcb7b289231583ca809a023f29e,EXACT_DUPLICATE_RECORD,https://www.nasdaq.com/articles/3-beaten-down-magnificent-seven-stocks-buy-and-hold
AMZN,188,fcfd7d662bc34b7064214bc0699098892c5ea97710e8d8356a8ba2a5144a5224,fcfd7d662bc34b7064214bc0699098892c5ea97710e8d8356a8ba2a5144a5224,EXACT_DUPLICATE_RECORD,https://www.nasdaq.com/articles/ishares-core-sp-us-value-etf-iusv-strong-etf-right-now-4
AMZN,189,2f716a490f1fc4ec36b8283f71803220d5de13d76d91848e499a8c891025ff6b,2f716a490f1fc4ec36b8283f71803220d5de13d76d91848e499a8c891025ff6b,EXACT_DUPLICATE_RECORD,https://www.nasdaq.com/articles/stocks-recover-report-fed-ready-stabilize-markets
AMZN,190,b6941f2459e738d1e8da578657b1367dbbac2eb160c519da53d43182ffefc47f,b6941f2459e738d1e8da578657b1367dbbac2eb160c519da53d43182ffefc47f,EXACT_DUPLICATE_RECORD,https://www.nasdaq.com/articles/oracle-stock-resilient-undervalued-and-ready-rebound
AMZN,191,9f5e5bfad4aa6d03b849d0ce959bad5f59cc676fa882dcb4005f149e302cd95d,9f5e5bfad4aa6d03b849d0ce959bad5f59cc676fa882dcb4005f149e302cd95d,EXACT_DUPLICATE_RECORD,https://www.nasdaq.com/articles/amazon-amzn-stock-sinks-market-gains-heres-why-0
AMZN,192,4c828acc1d8469d14b550e5f529e3f035550c3246db90f7fddb7f4e50de0e767,4c828acc1d8469d14b550e5f529e3f035550c3246db90f7fddb7f4e50de0e767,EXACT_DUPLICATE_RECORD,https://www.nasdaq.com/articles/stocks-rally-hopes-softer-us-tariff-policies
AMZN,193,c20569e79524daf1a8b65e0fc0a537389fdbcaa868916890ba32ba66cb1453cc,c20569e79524daf1a8b65e0fc0a537389fdbcaa868916890ba32ba66cb1453cc,EXACT_DUPLICATE_RECORD,https://www.nasdaq.com/articles/2-vanguard-index-funds-could-turn-375-month-592100-portfolio-pays-17900-annual-dividend
AMZN,203,a5d93bbac568302c5ccbbdcf395c4218daa7174c4e605a3ce85681c041956119,a5d93bbac568302c5ccbbdcf395c4218daa7174c4e605a3ce85681c041956119,EXACT_DUPLICATE_RECORD,https://www.nasdaq.com/articles/why-meta-stock-smarter-buy-google
AMZN,205,5fef1e9658fd1c37e2ebe9137b95002184f840c5001d2d35e545b6ccd31e2364,5fef1e9658fd1c37e2ebe9137b95002184f840c5001d2d35e545b6ccd31e2364,EXACT_DUPLICATE_RECORD,https://www.nasdaq.com/articles/things-be-wary-when-buying-shopify-stock
AMZN,206,a9b2e01a641e970457a1c5f9cf19a70161da178541474f5f2d773d37ba101e9c,a9b2e01a641e970457a1c5f9cf19a70161da178541474f5f2d773d37ba101e9c,EXACT_DUPLICATE_RECORD,https://www.nasdaq.com/articles/amazon-and-alphabet-bet-big-ai-why-history-says-its-time-buy-both-stocks
AMZN,207,6c70d85ff5183efcd6c74107bd99405a7096d4cd254ab9fbe54a7053a26edc1a,6c70d85ff5183efcd6c74107bd99405a7096d4cd254ab9fbe54a7053a26edc1a,EXACT_DUPLICATE_RECORD,https://www.nasdaq.com/articles/nvidia-vs-amazon-trade-war-winner
AMZN,208,e9577ceaa53b2f0d7e3ae4fd9285e4496e6b603b53f0d3334b6dcf609a9a5b4d,e9577ceaa53b2f0d7e3ae4fd9285e4496e6b603b53f0d3334b6dcf609a9a5b4d,EXACT_DUPLICATE_RECORD,https://www.nasdaq.com/articles/should-you-pick-nvidia-over-microsoft
AMZN,209,98702bc7d92a1d9bebbb856eabebd852b7567c4863a466e553ad0e4d40014525,98702bc7d92a1d9bebbb856eabebd852b7567c4863a466e553ad0e4d40014525,EXACT_DUPLICATE_RECORD,https://www.nasdaq.com/articles/dont-worry-ai-investors-artificial-intelligence-boom-still-there-are-rising-dangers-nvidia
AMZN,210,98e02ee30cb13369d2bdd627fbf66245df5c8cd9691ae9f345cba63bc70bc213,98e02ee30cb13369d2bdd627fbf66245df5c8cd9691ae9f345cba63bc70bc213,EXACT_DUPLICATE_RECORD,https://www.nasdaq.com/articles/amazon-could-beat-tesla-massive-market-are-investors-missing-something
AMZN,211,7ccb3be632cfb7b303619f304b6efa6c8e1f5e415fa1c5e34a214830989d52c4,7ccb3be632cfb7b303619f304b6efa6c8e1f5e415fa1c5e34a214830989d52c4,EXACT_DUPLICATE_RECORD,https://www.nasdaq.com/articles/4-monster-stocks-hold-next-10-years
AMZN,212,549a8ff8723daec5b786f98e831378903bbfac067ba7c55d89e58f7725f295db,549a8ff8723daec5b786f98e831378903bbfac067ba7c55d89e58f7725f295db,EXACT_DUPLICATE_RECORD,https://www.nasdaq.com/articles/nasdaq-bear-market-2-no-brainer-stocks-buy-right-now
AMZN,213,ac31006d5035cb92bfd9a79dd41eae24158132e27d648fd22a02257209b0e405,ac31006d5035cb92bfd9a79dd41eae24158132e27d648fd22a02257209b0e405,EXACT_DUPLICATE_RECORD,https://www.nasdaq.com/articles/guru-fundamental-report-amzn-89
AMZN,226,aabb97f131caeb5edc77e00e50793663c82b4e893e1031fc682c8d606a69123d,aabb97f131caeb5edc77e00e50793663c82b4e893e1031fc682c8d606a69123d,EXACT_DUPLICATE_RECORD,https://www.nasdaq.com/articles/stock-market-crash-do-now
AMZN,227,8a3e177cf61b595aee126dc4cb75ea2235c2172e340878ca1558219b083c244d,8a3e177cf61b595aee126dc4cb75ea2235c2172e340878ca1558219b083c244d,EXACT_DUPLICATE_RECORD,https://www.nasdaq.com/articles/warren-buffett-owns-2-artificial-intelligence-ai-stocks-wall-street-says-could-soar-50
AMZN,228,91678b057560319c9b7144060c038801d7bde327e7dc13fd5baed61b3b1c312f,91678b057560319c9b7144060c038801d7bde327e7dc13fd5baed61b3b1c312f,EXACT_DUPLICATE_RECORD,https://www.nasdaq.com/articles/us-inflation-report-had-good-news-amazon-stock-and-unfortunate-news-tesla-stock-investors
AMZN,229,e53ac316e24f4c2910b828315213ab2ba36dab3d3ac106b26bdf3e1226df997e,e53ac316e24f4c2910b828315213ab2ba36dab3d3ac106b26bdf3e1226df997e,EXACT_DUPLICATE_RECORD,https://www.nasdaq.com/articles/3-quantum-computing-stocks-poised-explosive-growth
AMZN,230,6409c008ab1902fd8072881483abace09f23212b6731eb16dd5e10bea39ad6ff,6409c008ab1902fd8072881483abace09f23212b6731eb16dd5e10bea39ad6ff,EXACT_DUPLICATE_RECORD,https://www.nasdaq.com/articles/amazon-stock-tariff-proof
AMZN,231,161e72eb53ddd250dc87cc64dcee3bcd824dd001063b4c9450333e40181a961d,161e72eb53ddd250dc87cc64dcee3bcd824dd001063b4c9450333e40181a961d,EXACT_DUPLICATE_RECORD,https://www.nasdaq.com/articles/lobbying-update-20000-amazoncom-services-llc-lobbying-was-just-disclosed
AMZN,232,e2490952b558b21a1f33c4958d70b44d6b826dee24e1062f3eebba3b7be245a8,e2490952b558b21a1f33c4958d70b44d6b826dee24e1062f3eebba3b7be245a8,EXACT_DUPLICATE_RECORD,https://www.nasdaq.com/articles/heres-how-artificial-intelligence-ai-driving-profit-growth-these-2-tech-stocks
AMZN,233,dec08f3d619ba42c3894e7768bca576c1bcb9f437104f7b29a8547efc884063d,dec08f3d619ba42c3894e7768bca576c1bcb9f437104f7b29a8547efc884063d,EXACT_DUPLICATE_RECORD,https://www.nasdaq.com/articles/nasdaq-bear-market-my-top-5-tech-stocks-buy-right-now
AMZN,234,8b27cf99a883370bd51092ce1beb66b8ffbfb27c9cf00a5a8bbb71b2816563b4,8b27cf99a883370bd51092ce1beb66b8ffbfb27c9cf00a5a8bbb71b2816563b4,EXACT_DUPLICATE_RECORD,https://www.nasdaq.com/articles/5-cheap-leading-ai-stocks-are-screaming-buys-april
AMZN,235,f7c9b90735c3876a196752fcc84c275e88be22027a2b8b509d0716266669b808,f7c9b90735c3876a196752fcc84c275e88be22027a2b8b509d0716266669b808,EXACT_DUPLICATE_RECORD,https://www.nasdaq.com/articles/2-reasons-avoid-amazon-stock-tariffs-escalate
AMZN,236,bdc267b12423187deaab06813e01460112df10bd725b489a0904187cf459532c,bdc267b12423187deaab06813e01460112df10bd725b489a0904187cf459532c,EXACT_DUPLICATE_RECORD,https://www.nasdaq.com/articles/marketbeat-week-review-04-07-04-11
AMZN,237,a12db1f51370c338f5f02d22389e4fbb24594e72692405d9f08ac854884d61d2,a12db1f51370c338f5f02d22389e4fbb24594e72692405d9f08ac854884d61d2,EXACT_DUPLICATE_RECORD,https://www.nasdaq.com/articles/want-invest-quantum-computing-3-stocks-are-great-buys-right-now-0
AMZN,256,f289fb1d9da45e2c17d6aad279fb7056f91e3fcf145df63e586729890e15d85d,f289fb1d9da45e2c17d6aad279fb7056f91e3fcf145df63e586729890e15d85d,EXACT_DUPLICATE_RECORD,https://www.nasdaq.com/articles/mongodb-stock-plunges-54-year-heres-why-you-should-stay-away
AMZN,258,88dc1aa01b94a4622974cc5cbfdd342a029e7ffafcb63ca8d1c5c49286d33a0d,88dc1aa01b94a4622974cc5cbfdd342a029e7ffafcb63ca8d1c5c49286d33a0d,EXACT_DUPLICATE_RECORD,https://www.nasdaq.com/articles/trade-desk-plunges-18-month-buy-sell-or-hold-stock
AMZN,259,8e2b0918700bcd489869e26d3519a286d50db3a5b653ab0f7a4b5ce911725961,8e2b0918700bcd489869e26d3519a286d50db3a5b653ab0f7a4b5ce911725961,EXACT_DUPLICATE_RECORD,https://www.nasdaq.com/articles/my-2-favorite-stocks-buy-right-now-4
AMZN,260,9c419816417a7895450c27cbcd03fa2bd962271407a7f1120bac5612654790b7,9c419816417a7895450c27cbcd03fa2bd962271407a7f1120bac5612654790b7,EXACT_DUPLICATE_RECORD,https://www.nasdaq.com/articles/3-no-brainer-warren-buffett-stocks-buy-right-now-18
AMZN,261,b6d7e3fd4e5f9518e81a3d9953223cf9a02c31a61f2fa0f869c5df6e8c939a6f,b6d7e3fd4e5f9518e81a3d9953223cf9a02c31a61f2fa0f869c5df6e8c939a6f,EXACT_DUPLICATE_RECORD,https://www.nasdaq.com/articles/stocks-wobble-after-wild-week-tariff-swings
AMZN,262,e02c66a8b7a4d9600f627563721afc26a1b21a97c66053f2e46a72c5e03cb204,e02c66a8b7a4d9600f627563721afc26a1b21a97c66053f2e46a72c5e03cb204,EXACT_DUPLICATE_RECORD,https://www.nasdaq.com/articles/got-1000-2-no-brainer-warren-buffett-stocks-buy-right-now
AMZN,263,033d6f13deb6bbb415620ebd69a141c8b3564e706954f7f23c1f737284960a23,033d6f13deb6bbb415620ebd69a141c8b3564e706954f7f23c1f737284960a23,EXACT_DUPLICATE_RECORD,https://www.nasdaq.com/articles/zacks-analyst-blog-highlights-nvidia-palantir-technologies-advanced-micro-devices
AMZN,264,85e1abe6ede58b6143593902cabbb52d048f5098b5ef6071e42930242da95e49,85e1abe6ede58b6143593902cabbb52d048f5098b5ef6071e42930242da95e49,EXACT_DUPLICATE_RECORD,https://www.nasdaq.com/articles/stocks-fall-sharply-tariff-concerns-weigh-growth-prospects
AMZN,265,1ea7ac9d13d7f404b047c7bc29b1a0c3b5f1ebec60f7b2d8ba20b5fbcc714826,1ea7ac9d13d7f404b047c7bc29b1a0c3b5f1ebec60f7b2d8ba20b5fbcc714826,EXACT_DUPLICATE_RECORD,https://www.nasdaq.com/articles/validea-detailed-fundamental-analysis-amzn-95
AMZN,266,b681d4302d22855320bc7e374c27f7e6a23055fea944dddf1e9a725f3588a9fa,b681d4302d22855320bc7e374c27f7e6a23055fea944dddf1e9a725f3588a9fa,EXACT_DUPLICATE_RECORD,https://www.nasdaq.com/articles/2-no-brainer-warren-buffett-stocks-buy-right-now-18
AMZN,267,6bc36e1e551f332ada8a2bef5bcd4a9d05c935e512ccfc29d91347267929b47f,6bc36e1e551f332ada8a2bef5bcd4a9d05c935e512ccfc29d91347267929b47f,EXACT_DUPLICATE_RECORD,https://www.nasdaq.com/articles/stock-market-turmoil-here-are-my-top-10-stocks-buy-now
AMZN,268,dcbcce0896e3921c741569c1513df836aa67a78fe65702f5390f1563a336a7f6,dcbcce0896e3921c741569c1513df836aa67a78fe65702f5390f1563a336a7f6,EXACT_DUPLICATE_RECORD,https://www.nasdaq.com/articles/investors-heavily-search-amazoncom-inc-amzn-here-what-you-need-know-4
AMZN,269,87fa6059ef00edc037058e13c724b335bd8cbb8218a87b11e11a2fc807686dd8,87fa6059ef00edc037058e13c724b335bd8cbb8218a87b11e11a2fc807686dd8,EXACT_DUPLICATE_RECORD,https://www.nasdaq.com/articles/see-which-latest-13f-filers-holds-amazoncom-5
AMZN,270,3a2a8697e98918cde5444a9bdc2ecc5339b1c488c1c1bcdf92431499ad7ac40b,3a2a8697e98918cde5444a9bdc2ecc5339b1c488c1c1bcdf92431499ad7ac40b,EXACT_DUPLICATE_RECORD,https://www.nasdaq.com/articles/netflix-stock-surges-479-year-content-strategy-time-buy
AMZN,271,d61056b6609ddb66616f470b6e6a24a6eafc54ecb8af9298b827db18f3146d26,d61056b6609ddb66616f470b6e6a24a6eafc54ecb8af9298b827db18f3146d26,EXACT_DUPLICATE_RECORD,https://www.nasdaq.com/articles/bigbearai-stock-plunges-13-month-too-risky-even-discount
AMZN,272,d2325077b15fdc96d1c4dcd3654551aba4a7a59a545c403d3fc81a69d247ffa5,d2325077b15fdc96d1c4dcd3654551aba4a7a59a545c403d3fc81a69d247ffa5,EXACT_DUPLICATE_RECORD,https://www.nasdaq.com/articles/can-alphabets-new-ai-and-cloud-launches-push-stock-higher
AMZN,273,69ad43621f4ebba1739dc85482a5e1e3fc38ccfceb866c92a043b0144da05d00,69ad43621f4ebba1739dc85482a5e1e3fc38ccfceb866c92a043b0144da05d00,EXACT_DUPLICATE_RECORD,https://www.nasdaq.com/articles/meta-introduces-new-teen-safety-tools-how-safe-stock-you
AMZN,274,4d0ef79ff4f57d5dca3df478c2fe477719a9a62aff0047b32a67aa8e6e564873,4d0ef79ff4f57d5dca3df478c2fe477719a9a62aff0047b32a67aa8e6e564873,EXACT_DUPLICATE_RECORD,https://www.nasdaq.com/articles/which-ai-stock-nvidia-or-broadcom-better-bargain-buy
AMZN,275,32f5e48c5a037adab10b80f55bffec7dbbc744361612b1f3a6eaf04c71270041,32f5e48c5a037adab10b80f55bffec7dbbc744361612b1f3a6eaf04c71270041,EXACT_DUPLICATE_RECORD,https://www.nasdaq.com/articles/stock-market-news-apr-11-2025
AMZN,293,dcc4c1c2ed65b0f5cf385278ebede087d9d68f64c4177829bdffa9c576760803,dcc4c1c2ed65b0f5cf385278ebede087d9d68f64c4177829bdffa9c576760803,EXACT_DUPLICATE_RECORD,https://www.nasdaq.com/articles/cathie-wood-goes-bargain-hunting-market-crash-2-ai-stocks-she-just-bought
AMZN,294,5f7c5d36887298c15a33658dc77a0621020f7519ac702b4d66fd035a3bdef152,5f7c5d36887298c15a33658dc77a0621020f7519ac702b4d66fd035a3bdef152,EXACT_DUPLICATE_RECORD,https://www.nasdaq.com/articles/trumps-tariff-pause-triggers-epic-rally-how-play-mag-7-now
AMZN,295,2b596e3d8a5f0ca00275ca2fe2622fb6e411a727757040c25669d29328460252,2b596e3d8a5f0ca00275ca2fe2622fb6e411a727757040c25669d29328460252,EXACT_DUPLICATE_RECORD,https://www.nasdaq.com/articles/3-top-vanguard-etfs-buy-sp-500-correction
AMZN,296,8a28ecfa91852a8a3e675813ccc3797dfe667aa259ec61aa12933e50a0c5c5f1,8a28ecfa91852a8a3e675813ccc3797dfe667aa259ec61aa12933e50a0c5c5f1,EXACT_DUPLICATE_RECORD,https://www.nasdaq.com/articles/4-artificial-intelligence-stocks-you-can-buy-and-hold-next-decade
AMZN,297,a31ecda42e3c597900bfcaf11565375c126c9c25d17aff74ec98fec958f11af7,a31ecda42e3c597900bfcaf11565375c126c9c25d17aff74ec98fec958f11af7,EXACT_DUPLICATE_RECORD,https://www.nasdaq.com/articles/2-growth-stocks-buy-and-hold-forever-2
AMZN,298,2f631ba3b53b4e229d3334f521fd3162968ff01852df266f5d293b13d6572c1c,2f631ba3b53b4e229d3334f521fd3162968ff01852df266f5d293b13d6572c1c,EXACT_DUPLICATE_RECORD,https://www.nasdaq.com/articles/guru-fundamental-report-amzn-88
AMZN,299,7f4165111586c3f35be6c8200e30358b838a1aaa38227008de4dc452a9cb7ff0,7f4165111586c3f35be6c8200e30358b838a1aaa38227008de4dc452a9cb7ff0,EXACT_DUPLICATE_RECORD,https://www.nasdaq.com/articles/tariffs-are-crushing-these-2-stocks-long-term-investors-could-get-amazing-bargain
AMZN,300,03d924ffcfa2c18644fbfd1ec43aa5e0a740b7696380ac8df2e81b274473403b,03d924ffcfa2c18644fbfd1ec43aa5e0a740b7696380ac8df2e81b274473403b,EXACT_DUPLICATE_RECORD,https://www.nasdaq.com/articles/stocks-soar-president-trump-pauses-reciprocal-tariffs
AMZN,301,283c0c38edf924054b85109695848eb706d19efe8c5776f3cfbc409d6cb08c4f,283c0c38edf924054b85109695848eb706d19efe8c5776f3cfbc409d6cb08c4f,EXACT_DUPLICATE_RECORD,https://www.nasdaq.com/articles/down-20-year-here-are-3-reasons-why-im-still-loading-amazon-stock
AMZN,302,0214fe5a1394d0a2e561098f48799a1fe47ffca21dafaf76006f8f24dd3d6bb5,0214fe5a1394d0a2e561098f48799a1fe47ffca21dafaf76006f8f24dd3d6bb5,EXACT_DUPLICATE_RECORD,https://www.nasdaq.com/articles/2-artificial-intelligence-ai-stocks-poised-big-gains-next-5-years
AMZN,303,2e3713193c43d5b748319072ddfae8ca77ff5687245321b8798c2a08b93744de,2e3713193c43d5b748319072ddfae8ca77ff5687245321b8798c2a08b93744de,EXACT_DUPLICATE_RECORD,https://www.nasdaq.com/articles/fund-update-aegon-asset-management-uk-plc-just-disclosed-new-holdings
AMZN,304,c1d25aabd15dacca0d9481730f4d385247f7376535725f6bb84acd16160ad7cd,c1d25aabd15dacca0d9481730f4d385247f7376535725f6bb84acd16160ad7cd,EXACT_DUPLICATE_RECORD,https://www.nasdaq.com/articles/got-1000-2-top-growth-stocks-buy-could-double-your-money-0
AMZN,305,4c8a75e37e170d881890a65943c086baed6498d59ad594339b000d0a329164a0,4c8a75e37e170d881890a65943c086baed6498d59ad594339b000d0a329164a0,EXACT_DUPLICATE_RECORD,https://www.nasdaq.com/articles/target-tgt-stock-getting-too-cheap-ignore
AMZN,306,e04fee752a4629a5114d70e049119991e1fd1d1869ebad0d62cc9f1450b8e60c,e04fee752a4629a5114d70e049119991e1fd1d1869ebad0d62cc9f1450b8e60c,EXACT_DUPLICATE_RECORD,https://www.nasdaq.com/articles/stocks-retreat-continued-global-economic-uncertainty
AMZN,307,6965b5bcbb2545260b6d6f3fe582775515b8b5a9697cad500b4edbb48f24b840,6965b5bcbb2545260b6d6f3fe582775515b8b5a9697cad500b4edbb48f24b840,EXACT_DUPLICATE_RECORD,https://www.nasdaq.com/articles/stocks-sink-global-economic-angst
AMZN,308,5fa9211de745362af55c383111377a3bebf01f0f3a351df26bd366baa0989b7c,5fa9211de745362af55c383111377a3bebf01f0f3a351df26bd366baa0989b7c,EXACT_DUPLICATE_RECORD,https://www.nasdaq.com/articles/were-about-find-out-answer-warren-buffetts-pointed-question-about-trumps-tariffs-here-are
AMZN,309,fa74fdcf96b044144e3d42bd783bb5414142e4549aca4bb59884101b1485153d,fa74fdcf96b044144e3d42bd783bb5414142e4549aca4bb59884101b1485153d,EXACT_DUPLICATE_RECORD,https://www.nasdaq.com/articles/can-palantir-outperform-nvidia-and-should-you-buy-stock
AMZN,336,f8b5a373f0c1370e83a95dc426985985ed24532a657676948b79a3bbf687c03c,f8b5a373f0c1370e83a95dc426985985ed24532a657676948b79a3bbf687c03c,EXACT_DUPLICATE_RECORD,https://www.nasdaq.com/articles/stocks-spike-trump-announces-90-day-tariff-pause
AMZN,337,18212f3dfd2e78d41033fb5f14e3ae941fb65d1a8360ee258163da5a36b43d15,18212f3dfd2e78d41033fb5f14e3ae941fb65d1a8360ee258163da5a36b43d15,EXACT_DUPLICATE_RECORD,https://www.nasdaq.com/articles/amzn-factor-based-stock-analysis-86
AMZN,338,a4ae8c92f52264d2afc647c73ab80157d1108fe173950d682986808a6532b851,a4ae8c92f52264d2afc647c73ab80157d1108fe173950d682986808a6532b851,EXACT_DUPLICATE_RECORD,https://www.nasdaq.com/articles/stock-market-crash-3-tech-stocks-you-can-buy-and-hold-next-decade
AMZN,339,69fc3dc8a892738ff7bcfda380788945f76cc8ad8c59058636452fa59da5a3b2,69fc3dc8a892738ff7bcfda380788945f76cc8ad8c59058636452fa59da5a3b2,EXACT_DUPLICATE_RECORD,https://www.nasdaq.com/articles/amazon-stock-buy-sell-or-hold-2025
AMZN,340,0cdd5f098756939706c8550f6d1231a0596ef6212db4944d5b89e158091e4dbe,0cdd5f098756939706c8550f6d1231a0596ef6212db4944d5b89e158091e4dbe,EXACT_DUPLICATE_RECORD,https://www.nasdaq.com/articles/could-buying-amazon-stock-today-set-you-life-4
AMZN,341,f2f77802fff692a79c906975acf88f7d3085eeccdfc6a2e82ed17deacc883536,f2f77802fff692a79c906975acf88f7d3085eeccdfc6a2e82ed17deacc883536,EXACT_DUPLICATE_RECORD,https://www.nasdaq.com/articles/warren-buffett-and-8-other-billionaires-have-85-billion-invested-incredible-stock
AMZN,342,ec1df4301385c028576070e8a5d784a7018bc4de8304473b0050c9cbbd525829,ec1df4301385c028576070e8a5d784a7018bc4de8304473b0050c9cbbd525829,EXACT_DUPLICATE_RECORD,https://www.nasdaq.com/articles/where-will-nvidia-stock-be-3-years-8
AMZN,343,1be4b391e13082b4ea91db2c98edcad9141f8772c773a4b4a18eb2310d457fbb,1be4b391e13082b4ea91db2c98edcad9141f8772c773a4b4a18eb2310d457fbb,EXACT_DUPLICATE_RECORD,https://www.nasdaq.com/articles/want-1000-annual-dividends-invest-17000-these-3-stocks
AMZN,344,1e0830bf3738e83c7cb3261d40485827813b9b0b314614135e3a4f5d08150cec,1e0830bf3738e83c7cb3261d40485827813b9b0b314614135e3a4f5d08150cec,EXACT_DUPLICATE_RECORD,https://www.nasdaq.com/articles/should-you-invest-vaneck-retail-etf-rth-4
AMZN,345,a202f61a56a2db70c348a82bf2edd8c1fe8a8aa49cb7b676bde84906d2380b9d,a202f61a56a2db70c348a82bf2edd8c1fe8a8aa49cb7b676bde84906d2380b9d,EXACT_DUPLICATE_RECORD,https://www.nasdaq.com/articles/stock-market-crash-heres-1-high-dividend-stock-could-be-steal-right-now
AMZN,346,1ea1e72633b97451abcb764a379275251c42ebc657e390e661b59a0c44f5aa6c,1ea1e72633b97451abcb764a379275251c42ebc657e390e661b59a0c44f5aa6c,EXACT_DUPLICATE_RECORD,https://www.nasdaq.com/articles/quantum-computing-hot-topic-artificial-intelligence-sector-which-stocks-will-still-be
AMZN,347,80644a8768f8f439b3829cd39071abddb2f4192e985dbfffd580909aca0734e7,80644a8768f8f439b3829cd39071abddb2f4192e985dbfffd580909aca0734e7,EXACT_DUPLICATE_RECORD,https://www.nasdaq.com/articles/fund-update-czech-national-bank-just-disclosed-new-holdings
AMZN,348,f0d09457ab2dbdc966c0164b807060effa34ff8733d1b9564d7e5bc7ddee5f9a,f0d09457ab2dbdc966c0164b807060effa34ff8733d1b9564d7e5bc7ddee5f9a,EXACT_DUPLICATE_RECORD,https://www.nasdaq.com/articles/fund-update-czech-national-bank-added-137329-shares-amazoncom-amzn-their-portfolio
AMZN,349,8437b020b8d56e2aff560ea0d49839afdf65f7e440de8e7f7182ede52dc18a78,8437b020b8d56e2aff560ea0d49839afdf65f7e440de8e7f7182ede52dc18a78,EXACT_DUPLICATE_RECORD,https://www.nasdaq.com/articles/stock-market-sell-3-best-stocks-buy-right-now
AMZN,350,743d750c6deae43d363a8764d79d7146c27e43380d74078387eee8c9fb34d63e,743d750c6deae43d363a8764d79d7146c27e43380d74078387eee8c9fb34d63e,EXACT_DUPLICATE_RECORD,https://www.nasdaq.com/articles/amazon-stock-bounces-lows-smart-money-steps
AMZN,351,009d5c5f6b236634c85d182dc2511b438a1338a2018ed9b5cd6ad2252e49dfef,009d5c5f6b236634c85d182dc2511b438a1338a2018ed9b5cd6ad2252e49dfef,EXACT_DUPLICATE_RECORD,https://www.nasdaq.com/articles/ivv-amzn-meta-googl-large-inflows-detected-etf
AMZN,352,b5620c6620d4d655075cb14c4c47310337f1cfa497fd8d0bd59395503c66845d,b5620c6620d4d655075cb14c4c47310337f1cfa497fd8d0bd59395503c66845d,EXACT_DUPLICATE_RECORD,https://www.nasdaq.com/articles/stocks-supported-strength-megacap-technology-and-airline-stocks
AMZN,353,7e9ec9e0604a943bb33c9a8769af74c6bf55eaed318b2839b27ada33f85c705c,7e9ec9e0604a943bb33c9a8769af74c6bf55eaed318b2839b27ada33f85c705c,EXACT_DUPLICATE_RECORD,https://www.nasdaq.com/articles/why-markets-suddenly-see-opportunity-these-emerging-markets
AMZN,354,b0707fdd74f695e922f0d88dc31aba98ae95bb219f4c244754bf0dcad9c13e27,b0707fdd74f695e922f0d88dc31aba98ae95bb219f4c244754bf0dcad9c13e27,EXACT_DUPLICATE_RECORD,https://www.nasdaq.com/articles/quantum-computing-65-billion-opportunity-you-cant-ignore
AMZN,355,11ac5c20894f74106112acd5eef15bdf7fd60c3e44f9b06690137c64ce77e8c6,11ac5c20894f74106112acd5eef15bdf7fd60c3e44f9b06690137c64ce77e8c6,EXACT_DUPLICATE_RECORD,https://www.nasdaq.com/articles/oracles-security-woes-rise-should-investors-exit-orcl-stock
AMZN,356,64dbb6d33ad6d422440e5933c422e04e446ad76ae8acd3d7fe349db6ab1314b6,64dbb6d33ad6d422440e5933c422e04e446ad76ae8acd3d7fe349db6ab1314b6,EXACT_DUPLICATE_RECORD,https://www.nasdaq.com/articles/stocks-search-direction-china-europe-retaliate-tariffs
AMZN,357,90e0f2e78690f5e0520d340f548920f1ead39bc3a6b3db547b85bd26f1486c8f,90e0f2e78690f5e0520d340f548920f1ead39bc3a6b3db547b85bd26f1486c8f,EXACT_DUPLICATE_RECORD,https://www.nasdaq.com/articles/1-magnificent-seven-stock-buy-hand-over-fist-nasdaq-bear-market
AMZN,358,403a59774678282798dd0aa82f5fbdc62f16b6896f428b0cc3570c59abce736d,403a59774678282798dd0aa82f5fbdc62f16b6896f428b0cc3570c59abce736d,EXACT_DUPLICATE_RECORD,https://www.nasdaq.com/articles/4-ways-you-can-navigate-stock-market-crash
AMZN,359,28eed2bd3d01e2d059f8caca791c3d26f0b3d3f67a427ee55d0d676b5a64b424,28eed2bd3d01e2d059f8caca791c3d26f0b3d3f67a427ee55d0d676b5a64b424,EXACT_DUPLICATE_RECORD,https://www.nasdaq.com/articles/stocks-tumble-us-china-trade-war-set-escalate
AMZN,360,4a329c70fa3ec01967c4ab96fd068635a087e116457f40e618b5f777965ab3eb,4a329c70fa3ec01967c4ab96fd068635a087e116457f40e618b5f777965ab3eb,EXACT_DUPLICATE_RECORD,https://www.nasdaq.com/articles/1-growth-stock-down-20-buy-right-now-1
AMZN,361,1c89503d43622ec1fc50c7fb455d5a38bbe57c5c6fc5bc6ab826aef913be00fd,1c89503d43622ec1fc50c7fb455d5a38bbe57c5c6fc5bc6ab826aef913be00fd,EXACT_DUPLICATE_RECORD,https://www.nasdaq.com/articles/should-you-buy-pitney-bowes-stock-after-15-dip-month
AMZN,376,d660c1adf037a819d400c4c813dd0e7800e97a119b8cded34a759349c47b805e,d660c1adf037a819d400c4c813dd0e7800e97a119b8cded34a759349c47b805e,EXACT_DUPLICATE_RECORD,https://www.nasdaq.com/articles/noteworthy-tuesday-option-activity-aapl-amzn-tsla
AMZN,377,b594cd7c11c3cb9dc75f06df7b050aa611197d013ca2355a1655f0d43adf14e7,b594cd7c11c3cb9dc75f06df7b050aa611197d013ca2355a1655f0d43adf14e7,EXACT_DUPLICATE_RECORD,https://www.nasdaq.com/articles/amzn-quantitative-stock-analysis-82
AMZN,378,767891478fa8fbfd0bc3738ca34ee558fdab67cc44d912219d815e4ff73519d6,767891478fa8fbfd0bc3738ca34ee558fdab67cc44d912219d815e4ff73519d6,EXACT_DUPLICATE_RECORD,https://www.nasdaq.com/articles/stocks-settle-mixed-chip-makers-rebound
AMZN,379,b67fd81cad531e84fa23fc23e2949a4fabc9e9f17a20e3775d796e219811d264,b67fd81cad531e84fa23fc23e2949a4fabc9e9f17a20e3775d796e219811d264,EXACT_DUPLICATE_RECORD,https://www.nasdaq.com/articles/4-beaten-down-stocks-im-buying-already
AMZN,380,bd709077973f575c3766e385a50f3bdf1a7c5a742d5970dabde3fd0d55022231,bd709077973f575c3766e385a50f3bdf1a7c5a742d5970dabde3fd0d55022231,EXACT_DUPLICATE_RECORD,https://www.nasdaq.com/articles/stock-market-crash-here-are-5-stocks-down-27-or-more-id-buy-right-now
AMZN,382,bd6b2c54486ab9224a29e8985c144cc148f096d4ed0afab962df4448827a4db0,bd6b2c54486ab9224a29e8985c144cc148f096d4ed0afab962df4448827a4db0,EXACT_DUPLICATE_RECORD,https://www.nasdaq.com/articles/stocks-stabilize-after-early-surge
AMZN,383,ed8f22d58c911f92dc3c3ab0fc7dc1a4434e5656740692d43247785917e1c991,ed8f22d58c911f92dc3c3ab0fc7dc1a4434e5656740692d43247785917e1c991,EXACT_DUPLICATE_RECORD,https://www.nasdaq.com/articles/stocks-sharply-higher-hopes-us-trade-deals
AMZN,384,31a5f655358896fc82587903396a862e69bd33d401f52245d50054ca03e18e34,31a5f655358896fc82587903396a862e69bd33d401f52245d50054ca03e18e34,EXACT_DUPLICATE_RECORD,https://www.nasdaq.com/articles/alibaba-vs-amazon-which-e-commerce-titan-best-stock-pick
AMZN,385,bb9edfe81596f9de5f2a21038abad0f43ee121932f406ae68b5069002d76074b,bb9edfe81596f9de5f2a21038abad0f43ee121932f406ae68b5069002d76074b,EXACT_DUPLICATE_RECORD,https://www.nasdaq.com/articles/stocks-mixed-after-early-surge
AMZN,386,330de22ef54ad1a34eed8738f6e4a2570dd33f957f6e3b9223079de8ed437d9f,330de22ef54ad1a34eed8738f6e4a2570dd33f957f6e3b9223079de8ed437d9f,EXACT_DUPLICATE_RECORD,https://www.nasdaq.com/articles/how-ibm-soared-13-while-markets-sank-q1-2025
AMZN,387,d611c6ab51c65b00901c4d926e250c3d2ac93cb78352e0e1ded7870c4293049a,d611c6ab51c65b00901c4d926e250c3d2ac93cb78352e0e1ded7870c4293049a,EXACT_DUPLICATE_RECORD,https://www.nasdaq.com/articles/stocks-surge-trade-deal-hopes
AMZN,388,1788337452449c2fbcb9b83363a2f7d7520032fb0f364bdcde1631674903c034,1788337452449c2fbcb9b83363a2f7d7520032fb0f364bdcde1631674903c034,EXACT_DUPLICATE_RECORD,https://www.nasdaq.com/articles/rl-vs-giii-which-textile-apparel-smarter-long-term-investment
AMZN,389,4ab9fdf0567fff9303a6142bbf1ac7fdc6e02946997b2c09f2cafcab7a9614cf,4ab9fdf0567fff9303a6142bbf1ac7fdc6e02946997b2c09f2cafcab7a9614cf,EXACT_DUPLICATE_RECORD,https://www.nasdaq.com/articles/3-tech-etfs-sale-now
AMZN,390,b49390bf02b485934b406e8c7fd9fdffdd627391a90bc42379e4ec021368d142,b49390bf02b485934b406e8c7fd9fdffdd627391a90bc42379e4ec021368d142,EXACT_DUPLICATE_RECORD,https://www.nasdaq.com/articles/prediction-artificial-intelligence-ai-stock-will-be-worth-more-nvidia-2030
AMZN,391,2aaf51cf79f965cbb98e469e1a0c1722cb11e7bda80ad71ebeea461a28d25104,2aaf51cf79f965cbb98e469e1a0c1722cb11e7bda80ad71ebeea461a28d25104,EXACT_DUPLICATE_RECORD,https://www.nasdaq.com/articles/best-warren-buffett-stocks-buy-1000-right-now-11
AMZN,397,c332a6d586c472e34203b0d57e68efa10c5e5c2c712d50d76eb5994b2a6762b6,c332a6d586c472e34203b0d57e68efa10c5e5c2c712d50d76eb5994b2a6762b6,EXACT_DUPLICATE_RECORD,https://www.nasdaq.com/articles/market-indexes-rally-morning-lows-and-are-now-trading-mixed
AMZN,398,01c73d776c54d90ad93982f7bf00c0abaaa8dd4fe6be3e065e15a20476067c2f,01c73d776c54d90ad93982f7bf00c0abaaa8dd4fe6be3e065e15a20476067c2f,EXACT_DUPLICATE_RECORD,https://www.nasdaq.com/articles/can-intel-be-turnaround-stock-2025-time-buy-now
AMZN,410,a9bfe1ab7a22557538344660f9d1e67fee1c3a8853f8bc2ff58a6721a501ea31,a9bfe1ab7a22557538344660f9d1e67fee1c3a8853f8bc2ff58a6721a501ea31,EXACT_DUPLICATE_RECORD,https://www.nasdaq.com/articles/should-you-hold-gtlb-stock-despite-its-27-dip-ytd
AMZN,411,6d54425bd512eb7ff7b01a4c7767dd3863768c187a5452f64960746d6e6aadf0,6d54425bd512eb7ff7b01a4c7767dd3863768c187a5452f64960746d6e6aadf0,EXACT_DUPLICATE_RECORD,https://www.nasdaq.com/articles/down-25-its-all-time-high-amazon-buy-right-now
AMZN,412,d558e4510c790ac90ef8f9bab4863c310d4436a9f283faef3429af6a0af61a61,d558e4510c790ac90ef8f9bab4863c310d4436a9f283faef3429af6a0af61a61,EXACT_DUPLICATE_RECORD,https://www.nasdaq.com/articles/disneys-content-pipeline-impresses-time-hold-stock-value
AMZN,413,defc5f639e0b1585df2a94246446dbc438518f747f5da4b2b68832be55ea9437,defc5f639e0b1585df2a94246446dbc438518f747f5da4b2b68832be55ea9437,EXACT_DUPLICATE_RECORD,https://www.nasdaq.com/articles/global-equity-markets-sink-tariff-turmoil
AMZN,414,0598887ada1d6e3b20d30b66f73ce69faccc3e579635f24a53b981763f7092b8,0598887ada1d6e3b20d30b66f73ce69faccc3e579635f24a53b981763f7092b8,EXACT_DUPLICATE_RECORD,https://www.nasdaq.com/articles/new-analyst-forecast-amzn-given-buy-rating
AMZN,415,3213fe4e2a58892df559eb398e8424dd53e9ff3de15a4f1c3013bb55eebf2927,3213fe4e2a58892df559eb398e8424dd53e9ff3de15a4f1c3013bb55eebf2927,EXACT_DUPLICATE_RECORD,https://www.nasdaq.com/articles/does-sirius-xms-broadcasting-strategy-signal-buy-stock
AMZN,416,380c8585104568225d2fbdb7ebceb4f10bd11387e53d9cfa0335cd1588618cd0,380c8585104568225d2fbdb7ebceb4f10bd11387e53d9cfa0335cd1588618cd0,EXACT_DUPLICATE_RECORD,https://www.nasdaq.com/articles/trumps-tariffs-topple-tech-stocks-heres-what-amazon-investors-should-know
AMZN,417,a650517943496b75a6106cb896aa1c1d3fc521b77ca32c9293f06471fac5c7ec,a650517943496b75a6106cb896aa1c1d3fc521b77ca32c9293f06471fac5c7ec,EXACT_DUPLICATE_RECORD,https://www.nasdaq.com/articles/stocks-pressured-global-trade-war-fears
AMZN,418,32bd9ac3a32f02df7c2833948c013282a00da3d872da908fe5c6f07f476614de,32bd9ac3a32f02df7c2833948c013282a00da3d872da908fe5c6f07f476614de,EXACT_DUPLICATE_RECORD,https://www.nasdaq.com/articles/top-ai-stocks-add-your-portfolio-healthy-returns
AMZN,419,30f806d9b4060920ebef9652444fa41d7c610c0896f36808344af181d6054993,30f806d9b4060920ebef9652444fa41d7c610c0896f36808344af181d6054993,EXACT_DUPLICATE_RECORD,https://www.nasdaq.com/articles/buffetts-150b-bond-move-what-it-really-means-investors
AMZN,420,c5fa6620ba1de6868c69527e3a21b61845db092381c88477282bac38c4963494,c5fa6620ba1de6868c69527e3a21b61845db092381c88477282bac38c4963494,EXACT_DUPLICATE_RECORD,https://www.nasdaq.com/articles/cathie-wood-goes-bargain-hunting-3-stocks-she-just-bought-34
AMZN,421,998954003d7b907d07e846ff968789223479802056ac9ba5aa41cadda120925b,998954003d7b907d07e846ff968789223479802056ac9ba5aa41cadda120925b,EXACT_DUPLICATE_RECORD,https://www.nasdaq.com/articles/stock-plunge-trade-war-escalates
AMZN,422,9ef670fd952d5e59345bf03535a19d4d6f1c1f75e44b0986dff00c706f895df6,9ef670fd952d5e59345bf03535a19d4d6f1c1f75e44b0986dff00c706f895df6,EXACT_DUPLICATE_RECORD,https://www.nasdaq.com/articles/3-etfs-offer-easy-exposure-ai-revolution
AMZN,423,0814bf036859c60b5e60e7a5ed143fad208c6ec2d0933ed4481472d8f283d07b,0814bf036859c60b5e60e7a5ed143fad208c6ec2d0933ed4481472d8f283d07b,EXACT_DUPLICATE_RECORD,https://www.nasdaq.com/articles/volatility-dominates-traders-react-tariff-headlines-both-real-and-fake
AMZN,434,3557d0d7d50b843bdce87d57c1b7ac614ee9bb242cc5122d62672e21ffeaa095,3557d0d7d50b843bdce87d57c1b7ac614ee9bb242cc5122d62672e21ffeaa095,EXACT_DUPLICATE_RECORD,https://www.nasdaq.com/articles/trumps-liberation-day-tariffs-pummel-magnificent-seven-are-these-stalwarts-still-prudent
AMZN,436,397e356715bbc121e603e4a60eb9bce8266cbe751faf965ca9ab19b4f208a378,397e356715bbc121e603e4a60eb9bce8266cbe751faf965ca9ab19b4f208a378,EXACT_DUPLICATE_RECORD,https://www.nasdaq.com/articles/artificial-intelligence-ipo-buy
AMZN,437,5733383bd9df03e4e9edaea500db41e23a6de223d94badbbdb3405220f06af12,5733383bd9df03e4e9edaea500db41e23a6de223d94badbbdb3405220f06af12,EXACT_DUPLICATE_RECORD,https://www.nasdaq.com/articles/2-soaring-stocks-hold-next-20-years-4
AMZN,438,4c93717cc05ade989b365cd9054f318dae5ebd19fe4a64d0695cefeae01cbc6e,4c93717cc05ade989b365cd9054f318dae5ebd19fe4a64d0695cefeae01cbc6e,EXACT_DUPLICATE_RECORD,https://www.nasdaq.com/articles/2-no-brainer-artificial-intelligence-ai-stocks-owned-warren-buffett-right-now
AMZN,439,2723e9a9b3fabde97258c3b298b95f6da04858e0a4ba098924c86a90b7edea7a,2723e9a9b3fabde97258c3b298b95f6da04858e0a4ba098924c86a90b7edea7a,EXACT_DUPLICATE_RECORD,https://www.nasdaq.com/articles/5-brilliant-ai-stocks-billionaire-chase-coleman-betting-big
AMZN,440,a9f82385bf1bb9f49d74a58a19e9e9bfaa5d382ebc95308dfafa1732c16323b3,a9f82385bf1bb9f49d74a58a19e9e9bfaa5d382ebc95308dfafa1732c16323b3,EXACT_DUPLICATE_RECORD,https://www.nasdaq.com/articles/guru-fundamental-report-amzn-87
AMZN,441,6ffe8ae6093023d6e278b892217c55173010a88cb8ade79f0d8235d41fa1b099,6ffe8ae6093023d6e278b892217c55173010a88cb8ade79f0d8235d41fa1b099,EXACT_DUPLICATE_RECORD,https://www.nasdaq.com/articles/1-growth-stock-down-25-buy-right-now-0
AMZN,442,9dcf59ab274ec0317fc02fdd2a53299ea0eb439f0a95e734f74b78c1b95793a7,9dcf59ab274ec0317fc02fdd2a53299ea0eb439f0a95e734f74b78c1b95793a7,EXACT_DUPLICATE_RECORD,https://www.nasdaq.com/articles/3-top-bargain-tech-stocks-ready-next-bull-run
AMZN,443,0ad33316a59ab68d08727fb23b11eaabfccde1370c7b557ff61db60f098b73fe,0ad33316a59ab68d08727fb23b11eaabfccde1370c7b557ff61db60f098b73fe,EXACT_DUPLICATE_RECORD,https://www.nasdaq.com/articles/history-says-best-time-buy-stocks-may-be-coming
AMZN,444,05914c85f8cf7dfdff7a775256abedd1933c866961e015fc643c5bc8e34e0f64,05914c85f8cf7dfdff7a775256abedd1933c866961e015fc643c5bc8e34e0f64,EXACT_DUPLICATE_RECORD,https://www.nasdaq.com/articles/what-does-trumps-tariff-hike-mean-consumer-goods-investors
AMZN,445,08db88ab22412a734ea4ac5b80d08fea904912c436c04e3a726eb340ee36682c,08db88ab22412a734ea4ac5b80d08fea904912c436c04e3a726eb340ee36682c,EXACT_DUPLICATE_RECORD,https://www.nasdaq.com/articles/will-walmarts-23-billion-advertising-bet-work-out-better-jetcom
AMZN,458,64e1285c379e68e09f49715f8791e60d8b6007f2367cdc3ed5a451694826a009,64e1285c379e68e09f49715f8791e60d8b6007f2367cdc3ed5a451694826a009,EXACT_DUPLICATE_RECORD,https://www.nasdaq.com/articles/best-stocks-invest-1000-right-now-15
AMZN,460,54408c6b7380634143a56d04346d12fd4507d7da86f72b25397a2511186f7432,54408c6b7380634143a56d04346d12fd4507d7da86f72b25397a2511186f7432,EXACT_DUPLICATE_RECORD,https://www.nasdaq.com/articles/3-top-buffett-stocks-buy-and-hold-next-20-years
AMZN,461,98df66af68f6e89e0e8a540fdb2a8ec245a352772d32bb70ba8c09cd7880413b,98df66af68f6e89e0e8a540fdb2a8ec245a352772d32bb70ba8c09cd7880413b,EXACT_DUPLICATE_RECORD,https://www.nasdaq.com/articles/should-you-forget-amazon-why-these-unstoppable-stocks-are-better-buys-2
AMZN,462,c4b3d06a62ed040226195d5dd7db22a470751d34703574fbe1bb5a2de5b2c4eb,c4b3d06a62ed040226195d5dd7db22a470751d34703574fbe1bb5a2de5b2c4eb,EXACT_DUPLICATE_RECORD,https://www.nasdaq.com/articles/cameco-stock-buy-now-0
AMZN,463,c6265fddbe7dd7d0bd6af098aa6d3dd5c53c68d44881ec0bf95a874f4d17d859,c6265fddbe7dd7d0bd6af098aa6d3dd5c53c68d44881ec0bf95a874f4d17d859,EXACT_DUPLICATE_RECORD,https://www.nasdaq.com/articles/billionaire-paul-tudor-jones-trimmed-his-position-nvidia-and-piling-2-turnaround-tech
AMZN,464,6cfbf49b56e163f5b07242b1d98051a138e2072755236e5dcb81096ddf688c1a,6cfbf49b56e163f5b07242b1d98051a138e2072755236e5dcb81096ddf688c1a,EXACT_DUPLICATE_RECORD,https://www.nasdaq.com/articles/boeing-space-joint-venture-launch-12-times-2025-and-double-2026
AMZN,465,42e293fbb26547b9082a3f2fcbc93d5f2f49cb03b92a8c158db1806761218690,42e293fbb26547b9082a3f2fcbc93d5f2f49cb03b92a8c158db1806761218690,EXACT_DUPLICATE_RECORD,https://www.nasdaq.com/articles/tariffs-are-bringing-down-amazon-stock-should-investors-buy-dip
AMZN,466,dd22c7668bc4cc9400e792dcca1c6a31919afec93b9a217bf6a3399d1cfcae33,dd22c7668bc4cc9400e792dcca1c6a31919afec93b9a217bf6a3399d1cfcae33,EXACT_DUPLICATE_RECORD,https://www.nasdaq.com/articles/e-commerce-stock-could-be-best-investment-decade-2
AMZN,467,5e94857fe8e009cf05710d667b4d8193e689876a74bb8ca9fcddf56a8c6e6aef,5e94857fe8e009cf05710d667b4d8193e689876a74bb8ca9fcddf56a8c6e6aef,EXACT_DUPLICATE_RECORD,https://www.nasdaq.com/articles/3-no-brainer-warren-buffett-stocks-buy-right-now-17
AMZN,468,00e3d4520b6f65d70828cd00bcaf05a3013983259bb1f5246a93c9663331cb73,00e3d4520b6f65d70828cd00bcaf05a3013983259bb1f5246a93c9663331cb73,EXACT_DUPLICATE_RECORD,https://www.nasdaq.com/articles/key-stock-valuation-metric-just-made-decidedly-clear-move-history-says-happens-next
AMZN,469,59da8fa01570a7e469634d97723a013d36533b5dbcaa94955bdf978a9d0a8a46,59da8fa01570a7e469634d97723a013d36533b5dbcaa94955bdf978a9d0a8a46,EXACT_DUPLICATE_RECORD,https://www.nasdaq.com/articles/president-trumps-tariffs-have-arrived-3-things-do-protect-your-portfolio
AMZN,470,9907ea515eac33097a3215f82f8228dd6bf2edaca27ffb3d9dd75a80a0c38698,9907ea515eac33097a3215f82f8228dd6bf2edaca27ffb3d9dd75a80a0c38698,EXACT_DUPLICATE_RECORD,https://www.nasdaq.com/articles/where-will-walmart-stock-be-1-year-0
AMZN,471,076cca4d66cbe9eb0b5bac0107191a50b98058b930550f14416acbe01f459859,076cca4d66cbe9eb0b5bac0107191a50b98058b930550f14416acbe01f459859,EXACT_DUPLICATE_RECORD,https://www.nasdaq.com/articles/4-growth-stocks-down-20-or-more-buy-right-now-0
AMZN,488,3fffed9f7729894d3a052c113710f539e736b379b10fa720bcc7a95d720d7184,3fffed9f7729894d3a052c113710f539e736b379b10fa720bcc7a95d720d7184,EXACT_DUPLICATE_RECORD,https://www.nasdaq.com/articles/shopify-stock-takes-its-cue-palantir-technologies-history-says-will-happen-next
AMZN,489,7995e7b02f5ad67e254ac3023851678c4e1fe238577c8277299cc14bc8e566db,7995e7b02f5ad67e254ac3023851678c4e1fe238577c8277299cc14bc8e566db,EXACT_DUPLICATE_RECORD,https://www.nasdaq.com/articles/3-important-numbers-know-bitcoin-investors
AMZN,490,8844d39819da301ecf9f5d49775ea54ce9b1cd61dc7378b5380df84d1f84462a,8844d39819da301ecf9f5d49775ea54ce9b1cd61dc7378b5380df84d1f84462a,EXACT_DUPLICATE_RECORD,https://www.nasdaq.com/articles/tariff-stress-pressures-stocks-daily-weekly-covid-lows
AMZN,491,f28aa05206c26a353260d8b68802117e1bbf0ad333ceb2514cb4198472ced64a,f28aa05206c26a353260d8b68802117e1bbf0ad333ceb2514cb4198472ced64a,EXACT_DUPLICATE_RECORD,https://www.nasdaq.com/articles/3-ways-new-us-tariffs-might-affect-amazon-stock
AMZN,492,afe6449460e02d187c6f36e94b44a0f01c61ff728466f0875890d8627bf206b8,afe6449460e02d187c6f36e94b44a0f01c61ff728466f0875890d8627bf206b8,EXACT_DUPLICATE_RECORD,https://www.nasdaq.com/articles/stock-losses-deepen-china-retaliatory-tariffs
AMZN,493,59bd7eeb80c2dda84eb58f8238dcae68d0c0e2473f21860c94eb6e88e6828b57,59bd7eeb80c2dda84eb58f8238dcae68d0c0e2473f21860c94eb6e88e6828b57,EXACT_DUPLICATE_RECORD,https://www.nasdaq.com/articles/stock-rout-continues-global-trade-war-fears
AMZN,494,cb653095cef9c4671fd52a5fccec48bccd7929d1f2b302a9db04ef7695beb178,cb653095cef9c4671fd52a5fccec48bccd7929d1f2b302a9db04ef7695beb178,EXACT_DUPLICATE_RECORD,https://www.nasdaq.com/articles/billionaire-david-tepper-selling-amazon-and-meta-stocks-betting-artificial-intelligence-ai
AMZN,495,81766348e6ea40cf2d1568639d61240f5ebb35ec5ea77bd7cc71c384236e5d74,81766348e6ea40cf2d1568639d61240f5ebb35ec5ea77bd7cc71c384236e5d74,EXACT_DUPLICATE_RECORD,https://www.nasdaq.com/articles/navitas-gansense-power-ics-gaining-traction-buy-stock-now
AMZN,496,43450a4f6397a6a04ea85fe56d8160a0e38a485f6bc3d2dfe8c724404f72707c,43450a4f6397a6a04ea85fe56d8160a0e38a485f6bc3d2dfe8c724404f72707c,EXACT_DUPLICATE_RECORD,https://www.nasdaq.com/articles/quiver-morning-stock-research-tariff-turmoil
AMZN,497,c1b2c932b988c7dd3ac246be88d0a59208c843bcfbcbe34f5318b6e68d1000ba,c1b2c932b988c7dd3ac246be88d0a59208c843bcfbcbe34f5318b6e68d1000ba,EXACT_DUPLICATE_RECORD,https://www.nasdaq.com/articles/2-magnificent-seven-stocks-down-19-and-25-youll-wish-youd-bought-dip
AMZN,498,fbae74d7e34af7569e0a7855b670ef53e6c3cec1ed8aff8ee67415327aef3a84,fbae74d7e34af7569e0a7855b670ef53e6c3cec1ed8aff8ee67415327aef3a84,EXACT_DUPLICATE_RECORD,https://www.nasdaq.com/articles/validea-detailed-fundamental-analysis-amzn-94
AMZN,499,b14cf82b00ef581645cccf6965b1cbbacfe378847026e7ca2d47b5192174ffb6,b14cf82b00ef581645cccf6965b1cbbacfe378847026e7ca2d47b5192174ffb6,EXACT_DUPLICATE_RECORD,https://www.nasdaq.com/articles/us-trade-policies-ignite-stock-market-meltdown
AMZN,500,27c0d6d1867d86bc545bd60a94275211c126f63c749a89a838b840cba00279fc,27c0d6d1867d86bc545bd60a94275211c126f63c749a89a838b840cba00279fc,EXACT_DUPLICATE_RECORD,https://www.nasdaq.com/articles/best-stock-buy-right-now-amazon-vs-home-depot-1
AMZN,501,f2038916d30ea6e513e0ca778a18522da3ccd3eccf77c22a1c49b95addaabd80,f2038916d30ea6e513e0ca778a18522da3ccd3eccf77c22a1c49b95addaabd80,EXACT_DUPLICATE_RECORD,https://www.nasdaq.com/articles/cpsc-recalls-polaris-rovs-accessory-heaters-window-hinge-tracks-bear-lights-propane
AMZN,502,a818f328f9f30ca0fd911b7a27644fe30d47702bea345b923aa068b13b2fbc02,a818f328f9f30ca0fd911b7a27644fe30d47702bea345b923aa068b13b2fbc02,EXACT_DUPLICATE_RECORD,https://www.nasdaq.com/articles/tariffs-are-crushing-these-2-stocks-long-term-investors-are-getting-incredible-bargain
AMZN,503,1fd1bcb8f6216947be356ec43f439bd56075d2de075831b258c332b1e2ac2fc0,1fd1bcb8f6216947be356ec43f439bd56075d2de075831b258c332b1e2ac2fc0,EXACT_DUPLICATE_RECORD,https://www.nasdaq.com/articles/3-brilliant-stocks-im-buying-if-stock-market-crashes
AMZN,520,396804af5bec276b7c911f772c072b1396476efee6bc9a6ccfcfd72bccaf8572,396804af5bec276b7c911f772c072b1396476efee6bc9a6ccfcfd72bccaf8572,EXACT_DUPLICATE_RECORD,https://www.nasdaq.com/articles/guru-fundamental-report-amzn-86
AMZN,521,7641cc1156311f2d746a5f616115f67d7685b3853cf8db54b932647fd9505bea,7641cc1156311f2d746a5f616115f67d7685b3853cf8db54b932647fd9505bea,EXACT_DUPLICATE_RECORD,https://www.nasdaq.com/articles/stocks-are-going-sale-time-be-greedy-while-others-are-fearful
AMZN,522,2ff5c6889a0642f170561aa8ed7bfc3e2fdb89ddc0cd8549361725a9d4293da2,2ff5c6889a0642f170561aa8ed7bfc3e2fdb89ddc0cd8549361725a9d4293da2,EXACT_DUPLICATE_RECORD,https://www.nasdaq.com/articles/nasdaq-100-sees-worst-quarter-3-years-what-lies-ahead-etfs
AMZN,523,03009dfafd28a07c22d3376f2cceff258a6c2d83484e45753b0a0e4a8c51c09f,03009dfafd28a07c22d3376f2cceff258a6c2d83484e45753b0a0e4a8c51c09f,EXACT_DUPLICATE_RECORD,https://www.nasdaq.com/articles/stock-market-sell-9-best-stocks-buy-now-april-2025
AMZN,524,9eff8f9237dca070d3e6da81cff0c2029b1fa5e2cad6287c960b42d97152027a,9eff8f9237dca070d3e6da81cff0c2029b1fa5e2cad6287c960b42d97152027a,EXACT_DUPLICATE_RECORD,https://www.nasdaq.com/articles/amzn-may-23rd-options-begin-trading
AMZN,525,a9922768058af080d941f7d012a7bf6fa8081a65aa38a96216210d7026ce59c6,a9922768058af080d941f7d012a7bf6fa8081a65aa38a96216210d7026ce59c6,EXACT_DUPLICATE_RECORD,https://www.nasdaq.com/articles/oversold-conditions-amazoncom-amzn
AMZN,526,04dfdbb88fef8cd9c0b1fd34cc493389cc03390f61df465074c83f8d3511d550,04dfdbb88fef8cd9c0b1fd34cc493389cc03390f61df465074c83f8d3511d550,EXACT_DUPLICATE_RECORD,https://www.nasdaq.com/articles/ups-vs-fdx-which-parcel-delivery-company-stronger-play-now
AMZN,527,d3daac4d81c0ec0985be717d1ea25ade705a2ef44947b962301a6c860699455f,d3daac4d81c0ec0985be717d1ea25ade705a2ef44947b962301a6c860699455f,EXACT_DUPLICATE_RECORD,https://www.nasdaq.com/articles/amazons-stock-takes-tariff-tumble-heres-why-im-still-holding
AMZN,528,e638e0f24dc79aebfa05d7605f773899f70d79cfcd88a5abf419831fd2d9d82c,e638e0f24dc79aebfa05d7605f773899f70d79cfcd88a5abf419831fd2d9d82c,EXACT_DUPLICATE_RECORD,https://www.nasdaq.com/articles/stocks-sink-tariff-announcement
AMZN,529,a057f481d070c1db905d3ad45767d5d8b1c31f806e9a4c37217f4001eb407d3d,a057f481d070c1db905d3ad45767d5d8b1c31f806e9a4c37217f4001eb407d3d,EXACT_DUPLICATE_RECORD,https://www.nasdaq.com/articles/congress-trade-representative-dwight-evans-just-disclosed-new-stock-trades
AMZN,530,41ec772c03ac2d42eb3b7d8c7f9592396d862d8c1ea25ba9ad2db7db03c9e61a,41ec772c03ac2d42eb3b7d8c7f9592396d862d8c1ea25ba9ad2db7db03c9e61a,EXACT_DUPLICATE_RECORD,https://www.nasdaq.com/articles/stock-sharply-lower-concern-us-trade-war-will-upend-global-economy
AMZN,531,634237ddea8b8e07c01901d569746beba818b3e254e5e44e4343afbe2032070c,634237ddea8b8e07c01901d569746beba818b3e254e5e44e4343afbe2032070c,EXACT_DUPLICATE_RECORD,https://www.nasdaq.com/articles/amazon-places-bid-tiktok-ahead-us-sale-deadline
AMZN,532,537da9d5562cc13a0374a4a16f2e479a3b833537ee6166603295c305881fb6a7,537da9d5562cc13a0374a4a16f2e479a3b833537ee6166603295c305881fb6a7,EXACT_DUPLICATE_RECORD,https://www.nasdaq.com/articles/prediction-4-artificial-intelligence-ai-stocks-could-be-worth-more-apple-2030
AMZN,533,5a19e6bfa0b909821db6014bf71b17dceb19ad35e75d2282c3c458aef0226bc4,5a19e6bfa0b909821db6014bf71b17dceb19ad35e75d2282c3c458aef0226bc4,EXACT_DUPLICATE_RECORD,https://www.nasdaq.com/articles/5-reasons-sp-500-could-rebound-strongly-2025
AMZN,534,56f4af2303aa94614ab6d50c4be932ec45ad3f292cdb6b07da90bbbed0359cb9,56f4af2303aa94614ab6d50c4be932ec45ad3f292cdb6b07da90bbbed0359cb9,EXACT_DUPLICATE_RECORD,https://www.nasdaq.com/articles/stocks-plunge-late-wednesday-tariff-announcement
AMZN,535,4edf9b2bbd38ef69a04cfe63f89f3eac7910720fa34526b0a912da4e7dc88975,4edf9b2bbd38ef69a04cfe63f89f3eac7910720fa34526b0a912da4e7dc88975,EXACT_DUPLICATE_RECORD,https://www.nasdaq.com/articles/mercadolibre-stock-bull-vs-bear
AMZN,556,ecc9f8337111b15be866f7141657db687869ff837e78f47ed3c5f43ce651034c,ecc9f8337111b15be866f7141657db687869ff837e78f47ed3c5f43ce651034c,EXACT_DUPLICATE_RECORD,https://www.nasdaq.com/articles/stocks-finish-higher-magnificent-seven-stocks-rally
AMZN,558,8583d3abe17169897a5a37faf2aa88df63a375076b5155e2438467ba6c960cb5,8583d3abe17169897a5a37faf2aa88df63a375076b5155e2438467ba6c960cb5,EXACT_DUPLICATE_RECORD,https://www.nasdaq.com/articles/zacks-analyst-blog-highlights-microsoft-alphabet-nvidia-and-amazon
AMZN,559,4d9f5568b4e0637420ebd15e88a70a139cf0943b9328445cfd0cadc10923c336,4d9f5568b4e0637420ebd15e88a70a139cf0943b9328445cfd0cadc10923c336,EXACT_DUPLICATE_RECORD,https://www.nasdaq.com/articles/4-no-brainer-magnificent-seven-stocks-buy-right-now
AMZN,560,d1fff6e02fa0f9c066ac3f633d8ce0bd64cfde047b818a4b40aae1deda113886,d1fff6e02fa0f9c066ac3f633d8ce0bd64cfde047b818a4b40aae1deda113886,EXACT_DUPLICATE_RECORD,https://www.nasdaq.com/articles/billionaire-stanley-druckenmiller-sold-nvidia-and-broadcom-and-buying-spectacular
AMZN,561,b55539e8e2ca2580ed0e6b9414c46f1171ec1d0623d3301ad17e7ff5594acbbe,b55539e8e2ca2580ed0e6b9414c46f1171ec1d0623d3301ad17e7ff5594acbbe,EXACT_DUPLICATE_RECORD,https://www.nasdaq.com/articles/should-you-invest-consumer-discretionary-select-sector-spdr-etf-xly-4
AMZN,562,6ffdbe5adc134c8f5b685a976c858b72dd6dd7e9c7fd4f5bfdaed31ab4ba0743,6ffdbe5adc134c8f5b685a976c858b72dd6dd7e9c7fd4f5bfdaed31ab4ba0743,EXACT_DUPLICATE_RECORD,https://www.nasdaq.com/articles/why-amazon-walmart-and-target-stocks-dropped-more-10-march
AMZN,563,366eb3067ad06afe1c8874568017e34327475a2a1f4de92959867e6c68c30ac3,366eb3067ad06afe1c8874568017e34327475a2a1f4de92959867e6c68c30ac3,EXACT_DUPLICATE_RECORD,https://www.nasdaq.com/articles/how-much-further-can-magnificent-seven-fall-heres-what-history-suggests
AMZN,564,e6528bc0dfdaed16ef57a5e74f9aebbad9c42f793391c19fe32c07d9549144a7,e6528bc0dfdaed16ef57a5e74f9aebbad9c42f793391c19fe32c07d9549144a7,EXACT_DUPLICATE_RECORD,https://www.nasdaq.com/articles/looking-ahead-q1-earnings-season-1
AMZN,565,8b62a693981201f7f6d2be4b59ca622e44b1cc2d9ae36a5172cf3b45799b1b0b,8b62a693981201f7f6d2be4b59ca622e44b1cc2d9ae36a5172cf3b45799b1b0b,EXACT_DUPLICATE_RECORD,https://www.nasdaq.com/articles/top-3-stocks-mega-investors-are-buying-now
AMZN,566,e5e61bfeaba757f7fb0c632717bb67fb3f980f0c1189f208831778f5aaea4dca,e5e61bfeaba757f7fb0c632717bb67fb3f980f0c1189f208831778f5aaea4dca,EXACT_DUPLICATE_RECORD,https://www.nasdaq.com/articles/amzn-factor-based-stock-analysis-85
AMZN,567,49028d50a6aa63c59c91df4a65adc88ca9f6fae3afd48265818152878717bbbb,49028d50a6aa63c59c91df4a65adc88ca9f6fae3afd48265818152878717bbbb,EXACT_DUPLICATE_RECORD,https://www.nasdaq.com/articles/amazon-stock-worth-holding-now-nova-ais-potential
AMZN,568,c421a9d982892e9e73013e510cab9f871e9fb42ae5d390c6c823cc0b65e6db7d,c421a9d982892e9e73013e510cab9f871e9fb42ae5d390c6c823cc0b65e6db7d,EXACT_DUPLICATE_RECORD,https://www.nasdaq.com/articles/1-stock-buy-and-hold-forever
AMZN,569,9c931d0dd62faafbbbb7380a302a07b2c25becb7f28a5089985829fcb199ae7e,9c931d0dd62faafbbbb7380a302a07b2c25becb7f28a5089985829fcb199ae7e,EXACT_DUPLICATE_RECORD,https://www.nasdaq.com/articles/zacks-analyst-blog-highlights-amazoncom-oracle-and-merck
AMZN,570,5650b453234f30d386629ec902b971edd7677ac5f4671b1cff3717e1998ae185,5650b453234f30d386629ec902b971edd7677ac5f4671b1cff3717e1998ae185,EXACT_DUPLICATE_RECORD,https://www.nasdaq.com/articles/jdcom-rises-49-year-should-investors-buy-stock-now
AMZN,571,8a8347f795f6b6dc7a6bb26eafc1ba5c87660ce8053a5c3238269a10d251af65,8a8347f795f6b6dc7a6bb26eafc1ba5c87660ce8053a5c3238269a10d251af65,EXACT_DUPLICATE_RECORD,https://www.nasdaq.com/articles/should-you-hold-smtc-stock-despite-its-47-decline-3-months
AMZN,572,8e766d017b279ae93907a30e0d86d32eb190a43a3294f0f730b40e1d7df9da3f,8e766d017b279ae93907a30e0d86d32eb190a43a3294f0f730b40e1d7df9da3f,EXACT_DUPLICATE_RECORD,https://www.nasdaq.com/articles/why-amazon-stock-soaring-today
AMZN,573,66d49bd1a0bafb35a6dcfcf683aae4bedb9e8572f0ec5e668514d5a520f79555,66d49bd1a0bafb35a6dcfcf683aae4bedb9e8572f0ec5e668514d5a520f79555,EXACT_DUPLICATE_RECORD,https://www.nasdaq.com/articles/stocks-slip-ahead-president-trumps-tariffs-announcement
AMZN,574,d7d1048a8d0c9315b0cea25021c43c66d09dae00b0bef2f441f89d92dc2d5a9d,d7d1048a8d0c9315b0cea25021c43c66d09dae00b0bef2f441f89d92dc2d5a9d,EXACT_DUPLICATE_RECORD,https://www.nasdaq.com/articles/where-will-amazon-stock-be-5-years-2
AMZN,575,7d92fc82e788f3e4c11816d3f8650634c285fb0e9d41c2194d70a9fbbac8dac6,7d92fc82e788f3e4c11816d3f8650634c285fb0e9d41c2194d70a9fbbac8dac6,EXACT_DUPLICATE_RECORD,https://www.nasdaq.com/articles/stocks-plunge-late-wednesday-liberation-day-tariff-announcement
AMZN,576,77f00f0aee6903235470ac073b5202dfca8dbf048fda9e0870b29620d2119390,77f00f0aee6903235470ac073b5202dfca8dbf048fda9e0870b29620d2119390,EXACT_DUPLICATE_RECORD,https://www.nasdaq.com/articles/looking-ahead-q1-earnings-season-0
AMZN,577,a84458658426cb2d5857f01232ed21c5a855f9ed9ab7e9a734b7ea58a6defd4f,a84458658426cb2d5857f01232ed21c5a855f9ed9ab7e9a734b7ea58a6defd4f,EXACT_DUPLICATE_RECORD,https://www.nasdaq.com/articles/jdcom-rises-49-year-should-investors-buy-stock-now-0
AMZN,584,4d97906231901556da9deed6c575d5dcef341b896203fff277ba5985b7610c40,4d97906231901556da9deed6c575d5dcef341b896203fff277ba5985b7610c40,EXACT_DUPLICATE_RECORD,https://www.nasdaq.com/articles/better-ai-stock-amazon-vs-oracle
AMZN,585,599ca3391deb5c56bf144f63e79f28c29524df5939112ce9182a3146b676fc31,599ca3391deb5c56bf144f63e79f28c29524df5939112ce9182a3146b676fc31,EXACT_DUPLICATE_RECORD,https://www.nasdaq.com/articles/top-analyst-reports-amazon-oracle-merck
AMZN,586,160b7abe204a9dd85218742f9bb96b47406423d94cb699b9c4ba9a803ffb3968,160b7abe204a9dd85218742f9bb96b47406423d94cb699b9c4ba9a803ffb3968,EXACT_DUPLICATE_RECORD,https://www.nasdaq.com/articles/stocks-see-support-magnificent-seven-stocks
