symbol,decision_session,decision_time_utc,decision_close_ny,execution_session,packet_version,TEXT_status,selected_news_count,selected_news_latest_date,selected_news_oldest_date,text_latest_safe_age_calendar_days,text_dedup_removed_count,text_same_day_ambiguous_rejected_count,TABLE_status,selected_filing_date,selected_table_concept_count,table_latest_safe_filed_date,table_latest_safe_age_calendar_days,table_same_day_ambiguous_rejected_count,table_selected_restatement_rule,TIME_SERIES_status,latest_included_session,time_series_selected_session_count,time_series_evidence_age_calendar_days,time_series_summary_fields,IMAGE_status,selected_image,selected_image_window_end,image_evidence_age_calendar_days,image_staleness_threshold_rule,PIT_rejection_flags,PIT_violation_count,ambiguous_rejected_count,source_hash_reference,estimated_text_chars,estimated_table_chars,estimated_time_series_chars,estimated_image_chars,estimated_packet_chars,estimated_packet_bytes_utf8
AAPL,2024-01-05,2024-01-05T21:00:00+00:00,2024-01-05T16:00:00-05:00,2024-01-08,M1-FINMULTITIME-DRAFT-0.1,AVAILABLE,8,2023-12-16,2023-12-16,20,0,0,AVAILABLE,Assets=2023-11-03;Liabilities=2023-11-03;NetCashProvidedByUsedInFinancingActivities=2023-11-03;NetCashProvidedByUsedInInvestingActivities=2023-11-03;NetCashProvidedByUsedInOperatingActivities=2023-11-03;StockholdersEquity=2023-11-03,6,2023-11-03,63,0,latest eligible filed version per exact concept/unit/start/end group,AVAILABLE,2024-01-05,60,0,cumulative_return_20d;cumulative_return_5d;cumulative_return_60d;drawdown_from_60d_peak;high_low_range_20d;realised_volatility_20d_annualised;relative_volume_vs_20d_mean,UNAVAILABLE,,,,none beyond strict inferred window-end gate,,0,0,9b2ba553019dc7a8cc2b7364332ccf57197f73788262f915f6170713f882b839,8745,801,487,61,10694,10694
AMZN,2024-01-05,2024-01-05T21:00:00+00:00,2024-01-05T16:00:00-05:00,2024-01-08,M1-FINMULTITIME-DRAFT-0.1,AVAILABLE,8,2023-12-16,2023-12-16,20,307,0,AVAILABLE,Assets=2023-10-27;NetCashProvidedByUsedInFinancingActivities=2023-10-27;NetCashProvidedByUsedInInvestingActivities=2023-10-27;NetCashProvidedByUsedInOperatingActivities=2023-10-27;StockholdersEquity=2023-10-27,5,2023-10-27,70,0,latest eligible filed version per exact concept/unit/start/end group,AVAILABLE,2024-01-05,60,0,cumulative_return_20d;cumulative_return_5d;cumulative_return_60d;drawdown_from_60d_peak;high_low_range_20d;realised_volatility_20d_annualised;relative_volume_vs_20d_mean,AVAILABLE,amzn_2023_H2_candlestick.png,2023-12-31,5,none beyond strict inferred window-end gate,IMAGE_WINDOW_END_INFERRED_FROM_HALF_YEAR_FILENAME,0,0,29fc6d2edf2abfa51a8a5026bb834e00264ab6bed78bd4d7da3bcb7725df4170,8841,686,488,97,10712,10712
JPM,2024-01-05,2024-01-05T21:00:00+00:00,2024-01-05T16:00:00-05:00,2024-01-08,M1-FINMULTITIME-DRAFT-0.1,UNAVAILABLE,0,,,,0,0,AVAILABLE,Assets=2023-11-01;Liabilities=2023-11-01;NetCashProvidedByUsedInFinancingActivities=2023-11-01;NetCashProvidedByUsedInInvestingActivities=2023-11-01;NetCashProvidedByUsedInOperatingActivities=2023-11-01;StockholdersEquity=2023-11-01,6,2023-11-01,65,0,latest eligible filed version per exact concept/unit/start/end group,AVAILABLE,2024-01-05,60,0,cumulative_return_20d;cumulative_return_5d;cumulative_return_60d;drawdown_from_60d_peak;high_low_range_20d;realised_volatility_20d_annualised;relative_volume_vs_20d_mean,AVAILABLE,jpm_2023_H2_candlestick.png,2023-12-31,5,none beyond strict inferred window-end gate,IMAGE_WINDOW_END_INFERRED_FROM_HALF_YEAR_FILENAME,0,0,959ea2c5efdb0ed7c9780327ad21973f312c99f757001bb023bf08c1c2e3e457,19,804,469,96,1988,1988
AAPL,2024-01-12,2024-01-12T21:00:00+00:00,2024-01-12T16:00:00-05:00,2024-01-16,M1-FINMULTITIME-DRAFT-0.1,AVAILABLE,8,2023-12-16,2023-12-16,27,0,0,AVAILABLE,Assets=2023-11-03;Liabilities=2023-11-03;NetCashProvidedByUsedInFinancingActivities=2023-11-03;NetCashProvidedByUsedInInvestingActivities=2023-11-03;NetCashProvidedByUsedInOperatingActivities=2023-11-03;StockholdersEquity=2023-11-03,6,2023-11-03,70,0,latest eligible filed version per exact concept/unit/start/end group,AVAILABLE,2024-01-12,60,0,cumulative_return_20d;cumulative_return_5d;cumulative_return_60d;drawdown_from_60d_peak;high_low_range_20d;realised_volatility_20d_annualised;relative_volume_vs_20d_mean,UNAVAILABLE,,,,none beyond strict inferred window-end gate,,0,0,20a890c57f85c6693d63719e0a72180d663f0efe5204d309129798d4dbff82be,8745,801,488,61,10695,10695
AMZN,2024-01-12,2024-01-12T21:00:00+00:00,2024-01-12T16:00:00-05:00,2024-01-16,M1-FINMULTITIME-DRAFT-0.1,AVAILABLE,8,2023-12-16,2023-12-16,27,307,0,AVAILABLE,Assets=2023-10-27;NetCashProvidedByUsedInFinancingActivities=2023-10-27;NetCashProvidedByUsedInInvestingActivities=2023-10-27;NetCashProvidedByUsedInOperatingActivities=2023-10-27;StockholdersEquity=2023-10-27,5,2023-10-27,77,0,latest eligible filed version per exact concept/unit/start/end group,AVAILABLE,2024-01-12,60,0,cumulative_return_20d;cumulative_return_5d;cumulative_return_60d;drawdown_from_60d_peak;high_low_range_20d;realised_volatility_20d_annualised;relative_volume_vs_20d_mean,AVAILABLE,amzn_2023_H2_candlestick.png,2023-12-31,12,none beyond strict inferred window-end gate,IMAGE_WINDOW_END_INFERRED_FROM_HALF_YEAR_FILENAME,0,0,7c107c8d89c45f23fcf6a1071d5f1bc6cfb4ec52301bb52efa63279792d4b0dd,8841,686,488,97,10712,10712
JPM,2024-01-12,2024-01-12T21:00:00+00:00,2024-01-12T16:00:00-05:00,2024-01-16,M1-FINMULTITIME-DRAFT-0.1,UNAVAILABLE,0,,,,0,0,AVAILABLE,Assets=2023-11-01;Liabilities=2023-11-01;NetCashProvidedByUsedInFinancingActivities=2023-11-01;NetCashProvidedByUsedInInvestingActivities=2023-11-01;NetCashProvidedByUsedInOperatingActivities=2023-11-01;StockholdersEquity=2023-11-01,6,2023-11-01,72,0,latest eligible filed version per exact concept/unit/start/end group,AVAILABLE,2024-01-12,60,0,cumulative_return_20d;cumulative_return_5d;cumulative_return_60d;drawdown_from_60d_peak;high_low_range_20d;realised_volatility_20d_annualised;relative_volume_vs_20d_mean,AVAILABLE,jpm_2023_H2_candlestick.png,2023-12-31,12,none beyond strict inferred window-end gate,IMAGE_WINDOW_END_INFERRED_FROM_HALF_YEAR_FILENAME,0,0,a3831ed17a4b3def7f7f586e80eb14a9218f434ba88ce2ab590c32e39fc63807,19,804,486,96,2005,2005
AAPL,2024-01-19,2024-01-19T21:00:00+00:00,2024-01-19T16:00:00-05:00,2024-01-22,M1-FINMULTITIME-DRAFT-0.1,UNAVAILABLE,0,2023-12-16,,34,0,0,AVAILABLE,Assets=2023-11-03;Liabilities=2023-11-03;NetCashProvidedByUsedInFinancingActivities=2023-11-03;NetCashProvidedByUsedInInvestingActivities=2023-11-03;NetCashProvidedByUsedInOperatingActivities=2023-11-03;StockholdersEquity=2023-11-03,6,2023-11-03,77,0,latest eligible filed version per exact concept/unit/start/end group,AVAILABLE,2024-01-19,60,0,cumulative_return_20d;cumulative_return_5d;cumulative_return_60d;drawdown_from_60d_peak;high_low_range_20d;realised_volatility_20d_annualised;relative_volume_vs_20d_mean,UNAVAILABLE,,,,none beyond strict inferred window-end gate,,0,0,1516df3d5c6f067e958aff56a5c1d3d88c48f10a8cecfbc5ff94eb64e8964bf4,19,801,487,61,1968,1968
AMZN,2024-01-19,2024-01-19T21:00:00+00:00,2024-01-19T16:00:00-05:00,2024-01-22,M1-FINMULTITIME-DRAFT-0.1,UNAVAILABLE,0,2023-12-16,,34,307,0,AVAILABLE,Assets=2023-10-27;NetCashProvidedByUsedInFinancingActivities=2023-10-27;NetCashProvidedByUsedInInvestingActivities=2023-10-27;NetCashProvidedByUsedInOperatingActivities=2023-10-27;StockholdersEquity=2023-10-27,5,2023-10-27,84,0,latest eligible filed version per exact concept/unit/start/end group,AVAILABLE,2024-01-19,60,0,cumulative_return_20d;cumulative_return_5d;cumulative_return_60d;drawdown_from_60d_peak;high_low_range_20d;realised_volatility_20d_annualised;relative_volume_vs_20d_mean,AVAILABLE,amzn_2023_H2_candlestick.png,2023-12-31,19,none beyond strict inferred window-end gate,IMAGE_WINDOW_END_INFERRED_FROM_HALF_YEAR_FILENAME,0,0,2a6ccb2f2af60344cd7856cdc1da260cd4eddba900e5dd2e1502f0ed8003cd80,19,686,468,97,1870,1870
JPM,2024-01-19,2024-01-19T21:00:00+00:00,2024-01-19T16:00:00-05:00,2024-01-22,M1-FINMULTITIME-DRAFT-0.1,UNAVAILABLE,0,,,,0,0,AVAILABLE,Assets=2023-11-01;Liabilities=2023-11-01;NetCashProvidedByUsedInFinancingActivities=2023-11-01;NetCashProvidedByUsedInInvestingActivities=2023-11-01;NetCashProvidedByUsedInOperatingActivities=2023-11-01;StockholdersEquity=2023-11-01,6,2023-11-01,79,0,latest eligible filed version per exact concept/unit/start/end group,AVAILABLE,2024-01-19,60,0,cumulative_return_20d;cumulative_return_5d;cumulative_return_60d;drawdown_from_60d_peak;high_low_range_20d;realised_volatility_20d_annualised;relative_volume_vs_20d_mean,AVAILABLE,jpm_2023_H2_candlestick.png,2023-12-31,19,none beyond strict inferred window-end gate,IMAGE_WINDOW_END_INFERRED_FROM_HALF_YEAR_FILENAME,0,0,4d4e5bba3fc805bb23d587bc5b09d835ecda8e4d1a58fb0a5d397d61bbef6bc5,19,804,488,96,2007,2007
AAPL,2024-01-26,2024-01-26T21:00:00+00:00,2024-01-26T16:00:00-05:00,2024-01-29,M1-FINMULTITIME-DRAFT-0.1,UNAVAILABLE,0,2023-12-16,,41,0,0,AVAILABLE,Assets=2023-11-03;Liabilities=2023-11-03;NetCashProvidedByUsedInFinancingActivities=2023-11-03;NetCashProvidedByUsedInInvestingActivities=2023-11-03;NetCashProvidedByUsedInOperatingActivities=2023-11-03;StockholdersEquity=2023-11-03,6,2023-11-03,84,0,latest eligible filed version per exact concept/unit/start/end group,AVAILABLE,2024-01-26,60,0,cumulative_return_20d;cumulative_return_5d;cumulative_return_60d;drawdown_from_60d_peak;high_low_range_20d;realised_volatility_20d_annualised;relative_volume_vs_20d_mean,UNAVAILABLE,,,,none beyond strict inferred window-end gate,,0,0,230e4852c1f64b3db2e5aee78854c80d1d7016ab6effd261bff14183fab5dd18,19,801,488,61,1969,1969
AMZN,2024-01-26,2024-01-26T21:00:00+00:00,2024-01-26T16:00:00-05:00,2024-01-29,M1-FINMULTITIME-DRAFT-0.1,UNAVAILABLE,0,2023-12-16,,41,307,0,AVAILABLE,Assets=2023-10-27;NetCashProvidedByUsedInFinancingActivities=2023-10-27;NetCashProvidedByUsedInInvestingActivities=2023-10-27;NetCashProvidedByUsedInOperatingActivities=2023-10-27;StockholdersEquity=2023-10-27,5,2023-10-27,91,0,latest eligible filed version per exact concept/unit/start/end group,AVAILABLE,2024-01-26,60,0,cumulative_return_20d;cumulative_return_5d;cumulative_return_60d;drawdown_from_60d_peak;high_low_range_20d;realised_volatility_20d_annualised;relative_volume_vs_20d_mean,AVAILABLE,amzn_2023_H2_candlestick.png,2023-12-31,26,none beyond strict inferred window-end gate,IMAGE_WINDOW_END_INFERRED_FROM_HALF_YEAR_FILENAME,0,0,c6c355fa94e9fc361b3ce2ba97928103037164610548cb084e19dcca4d2b7d7c,19,686,466,97,1868,1868
JPM,2024-01-26,2024-01-26T21:00:00+00:00,2024-01-26T16:00:00-05:00,2024-01-29,M1-FINMULTITIME-DRAFT-0.1,UNAVAILABLE,0,,,,0,0,AVAILABLE,Assets=2023-11-01;Liabilities=2023-11-01;NetCashProvidedByUsedInFinancingActivities=2023-11-01;NetCashProvidedByUsedInInvestingActivities=2023-11-01;NetCashProvidedByUsedInOperatingActivities=2023-11-01;StockholdersEquity=2023-11-01,6,2023-11-01,86,0,latest eligible filed version per exact concept/unit/start/end group,AVAILABLE,2024-01-26,60,0,cumulative_return_20d;cumulative_return_5d;cumulative_return_60d;drawdown_from_60d_peak;high_low_range_20d;realised_volatility_20d_annualised;relative_volume_vs_20d_mean,AVAILABLE,jpm_2023_H2_candlestick.png,2023-12-31,26,none beyond strict inferred window-end gate,IMAGE_WINDOW_END_INFERRED_FROM_HALF_YEAR_FILENAME,0,0,18d629b38b7fe56849a238a80e21f66883fc80ae194ea26ac2f759390b28231a,19,804,487,96,2006,2006
AAPL,2024-02-02,2024-02-02T21:00:00+00:00,2024-02-02T16:00:00-05:00,2024-02-05,M1-FINMULTITIME-DRAFT-0.1,UNAVAILABLE,0,2023-12-16,,48,0,0,AVAILABLE,Assets=2023-11-03;Liabilities=2023-11-03;NetCashProvidedByUsedInFinancingActivities=2023-11-03;NetCashProvidedByUsedInInvestingActivities=2023-11-03;NetCashProvidedByUsedInOperatingActivities=2023-11-03;StockholdersEquity=2023-11-03,6,2023-11-03,91,1596,latest eligible filed version per exact concept/unit/start/end group,AVAILABLE,2024-02-02,60,0,cumulative_return_20d;cumulative_return_5d;cumulative_return_60d;drawdown_from_60d_peak;high_low_range_20d;realised_volatility_20d_annualised;relative_volume_vs_20d_mean,UNAVAILABLE,,,,none beyond strict inferred window-end gate,TABLE_SAME_DAY_FILED_DATE_ONLY_AMBIGUOUS,0,1596,56e0e220e2769d174cd44c9da7663d34104ff974620552ea25d9727c541be119,19,801,489,61,1970,1970
AMZN,2024-02-02,2024-02-02T21:00:00+00:00,2024-02-02T16:00:00-05:00,2024-02-05,M1-FINMULTITIME-DRAFT-0.1,UNAVAILABLE,0,2023-12-16,,48,307,0,AVAILABLE,Assets=2023-10-27;NetCashProvidedByUsedInFinancingActivities=2023-10-27;NetCashProvidedByUsedInInvestingActivities=2023-10-27;NetCashProvidedByUsedInOperatingActivities=2023-10-27;StockholdersEquity=2023-10-27,5,2023-10-27,98,858,latest eligible filed version per exact concept/unit/start/end group,AVAILABLE,2024-02-02,60,0,cumulative_return_20d;cumulative_return_5d;cumulative_return_60d;drawdown_from_60d_peak;high_low_range_20d;realised_volatility_20d_annualised;relative_volume_vs_20d_mean,AVAILABLE,amzn_2023_H2_candlestick.png,2023-12-31,33,none beyond strict inferred window-end gate,TABLE_SAME_DAY_FILED_DATE_ONLY_AMBIGUOUS;IMAGE_WINDOW_END_INFERRED_FROM_HALF_YEAR_FILENAME,0,858,eb3021a833b349f41b12a07b5b0bf56e3cafad67251b463690e17d37318fa2aa,19,686,467,97,1869,1869
JPM,2024-02-02,2024-02-02T21:00:00+00:00,2024-02-02T16:00:00-05:00,2024-02-05,M1-FINMULTITIME-DRAFT-0.1,UNAVAILABLE,0,,,,0,0,AVAILABLE,Assets=2023-11-01;Liabilities=2023-11-01;NetCashProvidedByUsedInFinancingActivities=2023-11-01;NetCashProvidedByUsedInInvestingActivities=2023-11-01;NetCashProvidedByUsedInOperatingActivities=2023-11-01;StockholdersEquity=2023-11-01,6,2023-11-01,93,0,latest eligible filed version per exact concept/unit/start/end group,AVAILABLE,2024-02-02,60,0,cumulative_return_20d;cumulative_return_5d;cumulative_return_60d;drawdown_from_60d_peak;high_low_range_20d;realised_volatility_20d_annualised;relative_volume_vs_20d_mean,AVAILABLE,jpm_2023_H2_candlestick.png,2023-12-31,33,none beyond strict inferred window-end gate,IMAGE_WINDOW_END_INFERRED_FROM_HALF_YEAR_FILENAME,0,0,85952110a25464cbec410607bedf18e65f86ae31a32aedbf779b1b9a23389972,19,804,486,96,2005,2005
AAPL,2024-02-09,2024-02-09T21:00:00+00:00,2024-02-09T16:00:00-05:00,2024-02-12,M1-FINMULTITIME-DRAFT-0.1,UNAVAILABLE,0,2023-12-16,,55,0,0,AVAILABLE,Assets=2024-02-02;Liabilities=2024-02-02;NetCashProvidedByUsedInFinancingActivities=2024-02-02;NetCashProvidedByUsedInInvestingActivities=2024-02-02;NetCashProvidedByUsedInOperatingActivities=2024-02-02;StockholdersEquity=2024-02-02,6,2024-02-02,7,0,latest eligible filed version per exact concept/unit/start/end group,AVAILABLE,2024-02-09,60,0,cumulative_return_20d;cumulative_return_5d;cumulative_return_60d;drawdown_from_60d_peak;high_low_range_20d;realised_volatility_20d_annualised;relative_volume_vs_20d_mean,UNAVAILABLE,,,,none beyond strict inferred window-end gate,,0,0,445e18f9dc20f1d04cd74f4f31d7c12f3a10bc8a03778db973b412effaa84965,19,799,488,61,1967,1967
AMZN,2024-02-09,2024-02-09T21:00:00+00:00,2024-02-09T16:00:00-05:00,2024-02-12,M1-FINMULTITIME-DRAFT-0.1,UNAVAILABLE,0,2023-12-16,,55,307,0,AVAILABLE,Assets=2024-02-02;NetCashProvidedByUsedInFinancingActivities=2024-02-02;NetCashProvidedByUsedInInvestingActivities=2024-02-02;NetCashProvidedByUsedInOperatingActivities=2024-02-02;StockholdersEquity=2024-02-02,5,2024-02-02,7,0,latest eligible filed version per exact concept/unit/start/end group,AVAILABLE,2024-02-09,60,0,cumulative_return_20d;cumulative_return_5d;cumulative_return_60d;drawdown_from_60d_peak;high_low_range_20d;realised_volatility_20d_annualised;relative_volume_vs_20d_mean,AVAILABLE,amzn_2023_H2_candlestick.png,2023-12-31,40,none beyond strict inferred window-end gate,IMAGE_WINDOW_END_INFERRED_FROM_HALF_YEAR_FILENAME,0,0,4b7d89d45bf6bf788719d93927dc7114b1d0c227eb75cf95f3f9dd189d5760e4,19,687,464,97,1867,1867
JPM,2024-02-09,2024-02-09T21:00:00+00:00,2024-02-09T16:00:00-05:00,2024-02-12,M1-FINMULTITIME-DRAFT-0.1,UNAVAILABLE,0,,,,0,0,AVAILABLE,Assets=2023-11-01;Liabilities=2023-11-01;NetCashProvidedByUsedInFinancingActivities=2023-11-01;NetCashProvidedByUsedInInvestingActivities=2023-11-01;NetCashProvidedByUsedInOperatingActivities=2023-11-01;StockholdersEquity=2023-11-01,6,2023-11-01,100,0,latest eligible filed version per exact concept/unit/start/end group,AVAILABLE,2024-02-09,60,0,cumulative_return_20d;cumulative_return_5d;cumulative_return_60d;drawdown_from_60d_peak;high_low_range_20d;realised_volatility_20d_annualised;relative_volume_vs_20d_mean,AVAILABLE,jpm_2023_H2_candlestick.png,2023-12-31,40,none beyond strict inferred window-end gate,IMAGE_WINDOW_END_INFERRED_FROM_HALF_YEAR_FILENAME,0,0,4343a13d1bf8a6cc7691d8886a58cfa46a2060b4fa476a253fa8160f6d9c487c,19,804,488,96,2007,2007
AAPL,2024-02-16,2024-02-16T21:00:00+00:00,2024-02-16T16:00:00-05:00,2024-02-20,M1-FINMULTITIME-DRAFT-0.1,UNAVAILABLE,0,2023-12-16,,62,0,0,AVAILABLE,Assets=2024-02-02;Liabilities=2024-02-02;NetCashProvidedByUsedInFinancingActivities=2024-02-02;NetCashProvidedByUsedInInvestingActivities=2024-02-02;NetCashProvidedByUsedInOperatingActivities=2024-02-02;StockholdersEquity=2024-02-02,6,2024-02-02,14,0,latest eligible filed version per exact concept/unit/start/end group,AVAILABLE,2024-02-16,60,0,cumulative_return_20d;cumulative_return_5d;cumulative_return_60d;drawdown_from_60d_peak;high_low_range_20d;realised_volatility_20d_annualised;relative_volume_vs_20d_mean,UNAVAILABLE,,,,none beyond strict inferred window-end gate,,0,0,bb48088ee0dbf9671efd1bb31e34de2f501aaf0f1412539918a11571a19726cf,19,799,489,61,1968,1968
AMZN,2024-02-16,2024-02-16T21:00:00+00:00,2024-02-16T16:00:00-05:00,2024-02-20,M1-FINMULTITIME-DRAFT-0.1,UNAVAILABLE,0,2023-12-16,,62,307,0,AVAILABLE,Assets=2024-02-02;NetCashProvidedByUsedInFinancingActivities=2024-02-02;NetCashProvidedByUsedInInvestingActivities=2024-02-02;NetCashProvidedByUsedInOperatingActivities=2024-02-02;StockholdersEquity=2024-02-02,5,2024-02-02,14,0,latest eligible filed version per exact concept/unit/start/end group,AVAILABLE,2024-02-16,60,0,cumulative_return_20d;cumulative_return_5d;cumulative_return_60d;drawdown_from_60d_peak;high_low_range_20d;realised_volatility_20d_annualised;relative_volume_vs_20d_mean,AVAILABLE,amzn_2023_H2_candlestick.png,2023-12-31,47,none beyond strict inferred window-end gate,IMAGE_WINDOW_END_INFERRED_FROM_HALF_YEAR_FILENAME,0,0,face0e8b8d3bd732037e1b4ef5a201bcd308d368921c87b35edb0d3ee5f1d0b3,19,687,485,97,1888,1888
JPM,2024-02-16,2024-02-16T21:00:00+00:00,2024-02-16T16:00:00-05:00,2024-02-20,M1-FINMULTITIME-DRAFT-0.1,UNAVAILABLE,0,,,,0,0,AVAILABLE,Assets=2023-11-01;Liabilities=2023-11-01;NetCashProvidedByUsedInFinancingActivities=2023-11-01;NetCashProvidedByUsedInInvestingActivities=2023-11-01;NetCashProvidedByUsedInOperatingActivities=2023-11-01;StockholdersEquity=2023-11-01,6,2023-11-01,107,108,latest eligible filed version per exact concept/unit/start/end group,AVAILABLE,2024-02-16,60,0,cumulative_return_20d;cumulative_return_5d;cumulative_return_60d;drawdown_from_60d_peak;high_low_range_20d;realised_volatility_20d_annualised;relative_volume_vs_20d_mean,AVAILABLE,jpm_2023_H2_candlestick.png,2023-12-31,47,none beyond strict inferred window-end gate,TABLE_SAME_DAY_FILED_DATE_ONLY_AMBIGUOUS;IMAGE_WINDOW_END_INFERRED_FROM_HALF_YEAR_FILENAME,0,108,e9e376455c3bae721679e2b6a318ca96ff0d4d50af2b0b6ceb8f2b1f4c31b5ff,19,804,484,96,2003,2003
AAPL,2024-02-23,2024-02-23T21:00:00+00:00,2024-02-23T16:00:00-05:00,2024-02-26,M1-FINMULTITIME-DRAFT-0.1,UNAVAILABLE,0,2023-12-16,,69,0,0,AVAILABLE,Assets=2024-02-02;Liabilities=2024-02-02;NetCashProvidedByUsedInFinancingActivities=2024-02-02;NetCashProvidedByUsedInInvestingActivities=2024-02-02;NetCashProvidedByUsedInOperatingActivities=2024-02-02;StockholdersEquity=2024-02-02,6,2024-02-02,21,0,latest eligible filed version per exact concept/unit/start/end group,AVAILABLE,2024-02-23,60,0,cumulative_return_20d;cumulative_return_5d;cumulative_return_60d;drawdown_from_60d_peak;high_low_range_20d;realised_volatility_20d_annualised;relative_volume_vs_20d_mean,UNAVAILABLE,,,,none beyond strict inferred window-end gate,,0,0,2d49c37f660cb212b40cd832b801a276aa19e791a51c0f61f978110e392d7e3b,19,799,488,61,1967,1967
AMZN,2024-02-23,2024-02-23T21:00:00+00:00,2024-02-23T16:00:00-05:00,2024-02-26,M1-FINMULTITIME-DRAFT-0.1,UNAVAILABLE,0,2023-12-16,,69,307,0,AVAILABLE,Assets=2024-02-02;NetCashProvidedByUsedInFinancingActivities=2024-02-02;NetCashProvidedByUsedInInvestingActivities=2024-02-02;NetCashProvidedByUsedInOperatingActivities=2024-02-02;StockholdersEquity=2024-02-02,5,2024-02-02,21,0,latest eligible filed version per exact concept/unit/start/end group,AVAILABLE,2024-02-23,60,0,cumulative_return_20d;cumulative_return_5d;cumulative_return_60d;drawdown_from_60d_peak;high_low_range_20d;realised_volatility_20d_annualised;relative_volume_vs_20d_mean,AVAILABLE,amzn_2023_H2_candlestick.png,2023-12-31,54,none beyond strict inferred window-end gate,IMAGE_WINDOW_END_INFERRED_FROM_HALF_YEAR_FILENAME,0,0,99ec620ec7aacc52f815fc06e648ccdd99e204885c4d9619973bfdacde171206,19,687,466,97,1869,1869
JPM,2024-02-23,2024-02-23T21:00:00+00:00,2024-02-23T16:00:00-05:00,2024-02-26,M1-FINMULTITIME-DRAFT-0.1,UNAVAILABLE,0,,,,0,0,AVAILABLE,Assets=2024-02-16;Liabilities=2024-02-16;NetCashProvidedByUsedInFinancingActivities=2024-02-16;NetCashProvidedByUsedInInvestingActivities=2024-02-16;NetCashProvidedByUsedInOperatingActivities=2024-02-16;StockholdersEquity=2024-02-16,6,2024-02-16,7,0,latest eligible filed version per exact concept/unit/start/end group,AVAILABLE,2024-02-23,60,0,cumulative_return_20d;cumulative_return_5d;cumulative_return_60d;drawdown_from_60d_peak;high_low_range_20d;realised_volatility_20d_annualised;relative_volume_vs_20d_mean,AVAILABLE,jpm_2023_H2_candlestick.png,2023-12-31,54,none beyond strict inferred window-end gate,IMAGE_WINDOW_END_INFERRED_FROM_HALF_YEAR_FILENAME,0,0,9d2c7069fa5576f213d6d4d5f35e2d6854ad39ab0f64c7315127c0d120ad79e0,19,803,468,96,1986,1986
AAPL,2024-03-01,2024-03-01T21:00:00+00:00,2024-03-01T16:00:00-05:00,2024-03-04,M1-FINMULTITIME-DRAFT-0.1,UNAVAILABLE,0,2023-12-16,,76,0,0,AVAILABLE,Assets=2024-02-02;Liabilities=2024-02-02;NetCashProvidedByUsedInFinancingActivities=2024-02-02;NetCashProvidedByUsedInInvestingActivities=2024-02-02;NetCashProvidedByUsedInOperatingActivities=2024-02-02;StockholdersEquity=2024-02-02,6,2024-02-02,28,0,latest eligible filed version per exact concept/unit/start/end group,AVAILABLE,2024-03-01,60,0,cumulative_return_20d;cumulative_return_5d;cumulative_return_60d;drawdown_from_60d_peak;high_low_range_20d;realised_volatility_20d_annualised;relative_volume_vs_20d_mean,UNAVAILABLE,,,,none beyond strict inferred window-end gate,,0,0,53a56e2ad58ad1a67af2342db4bb8adfc83560c2a3ea232194da98f4643e293a,19,799,489,61,1968,1968
AMZN,2024-03-01,2024-03-01T21:00:00+00:00,2024-03-01T16:00:00-05:00,2024-03-04,M1-FINMULTITIME-DRAFT-0.1,UNAVAILABLE,0,2023-12-16,,76,307,0,AVAILABLE,Assets=2024-02-02;NetCashProvidedByUsedInFinancingActivities=2024-02-02;NetCashProvidedByUsedInInvestingActivities=2024-02-02;NetCashProvidedByUsedInOperatingActivities=2024-02-02;StockholdersEquity=2024-02-02,5,2024-02-02,28,0,latest eligible filed version per exact concept/unit/start/end group,AVAILABLE,2024-03-01,60,0,cumulative_return_20d;cumulative_return_5d;cumulative_return_60d;drawdown_from_60d_peak;high_low_range_20d;realised_volatility_20d_annualised;relative_volume_vs_20d_mean,AVAILABLE,amzn_2023_H2_candlestick.png,2023-12-31,61,none beyond strict inferred window-end gate,IMAGE_WINDOW_END_INFERRED_FROM_HALF_YEAR_FILENAME,0,0,880e0e88915c28a57508b9b88f895830168601ddb40f33076903287a580cf47d,19,687,467,97,1870,1870
JPM,2024-03-01,2024-03-01T21:00:00+00:00,2024-03-01T16:00:00-05:00,2024-03-04,M1-FINMULTITIME-DRAFT-0.1,UNAVAILABLE,0,,,,0,0,AVAILABLE,Assets=2024-02-16;Liabilities=2024-02-16;NetCashProvidedByUsedInFinancingActivities=2024-02-16;NetCashProvidedByUsedInInvestingActivities=2024-02-16;NetCashProvidedByUsedInOperatingActivities=2024-02-16;StockholdersEquity=2024-02-16,6,2024-02-16,14,0,latest eligible filed version per exact concept/unit/start/end group,AVAILABLE,2024-03-01,60,0,cumulative_return_20d;cumulative_return_5d;cumulative_return_60d;drawdown_from_60d_peak;high_low_range_20d;realised_volatility_20d_annualised;relative_volume_vs_20d_mean,AVAILABLE,jpm_2023_H2_candlestick.png,2023-12-31,61,none beyond strict inferred window-end gate,IMAGE_WINDOW_END_INFERRED_FROM_HALF_YEAR_FILENAME,0,0,55c1081968cfe16ce242537eb268471717493c05e53e8ae6b68818f393f39726,19,803,487,96,2005,2005
AAPL,2024-03-08,2024-03-08T21:00:00+00:00,2024-03-08T16:00:00-05:00,2024-03-11,M1-FINMULTITIME-DRAFT-0.1,UNAVAILABLE,0,2023-12-16,,83,0,0,AVAILABLE,Assets=2024-02-02;Liabilities=2024-02-02;NetCashProvidedByUsedInFinancingActivities=2024-02-02;NetCashProvidedByUsedInInvestingActivities=2024-02-02;NetCashProvidedByUsedInOperatingActivities=2024-02-02;StockholdersEquity=2024-02-02,6,2024-02-02,35,0,latest eligible filed version per exact concept/unit/start/end group,AVAILABLE,2024-03-08,60,0,cumulative_return_20d;cumulative_return_5d;cumulative_return_60d;drawdown_from_60d_peak;high_low_range_20d;realised_volatility_20d_annualised;relative_volume_vs_20d_mean,UNAVAILABLE,,,,none beyond strict inferred window-end gate,,0,0,2ee0b0df7b182d4e773b8f8cc3e06724a5e4f72ddfa51f72fe2339a2dcecccfd,19,799,487,61,1966,1966
AMZN,2024-03-08,2024-03-08T21:00:00+00:00,2024-03-08T16:00:00-05:00,2024-03-11,M1-FINMULTITIME-DRAFT-0.1,UNAVAILABLE,0,2023-12-16,,83,307,0,AVAILABLE,Assets=2024-02-02;NetCashProvidedByUsedInFinancingActivities=2024-02-02;NetCashProvidedByUsedInInvestingActivities=2024-02-02;NetCashProvidedByUsedInOperatingActivities=2024-02-02;StockholdersEquity=2024-02-02,5,2024-02-02,35,0,latest eligible filed version per exact concept/unit/start/end group,AVAILABLE,2024-03-08,60,0,cumulative_return_20d;cumulative_return_5d;cumulative_return_60d;drawdown_from_60d_peak;high_low_range_20d;realised_volatility_20d_annualised;relative_volume_vs_20d_mean,AVAILABLE,amzn_2023_H2_candlestick.png,2023-12-31,68,none beyond strict inferred window-end gate,IMAGE_WINDOW_END_INFERRED_FROM_HALF_YEAR_FILENAME,0,0,81c563f68b8cde66579939f993d0cdb7a2f16d9510dc384ddb49acb79fabb396,19,687,490,97,1893,1893
JPM,2024-03-08,2024-03-08T21:00:00+00:00,2024-03-08T16:00:00-05:00,2024-03-11,M1-FINMULTITIME-DRAFT-0.1,UNAVAILABLE,0,,,,0,0,AVAILABLE,Assets=2024-02-16;Liabilities=2024-02-16;NetCashProvidedByUsedInFinancingActivities=2024-02-16;NetCashProvidedByUsedInInvestingActivities=2024-02-16;NetCashProvidedByUsedInOperatingActivities=2024-02-16;StockholdersEquity=2024-02-16,6,2024-02-16,21,0,latest eligible filed version per exact concept/unit/start/end group,AVAILABLE,2024-03-08,60,0,cumulative_return_20d;cumulative_return_5d;cumulative_return_60d;drawdown_from_60d_peak;high_low_range_20d;realised_volatility_20d_annualised;relative_volume_vs_20d_mean,AVAILABLE,jpm_2023_H2_candlestick.png,2023-12-31,68,none beyond strict inferred window-end gate,IMAGE_WINDOW_END_INFERRED_FROM_HALF_YEAR_FILENAME,0,0,be90c75b6cea812ab63e0ab1b6616216f3865f49adc2c9f114e1bf5e424dcf67,19,803,486,96,2004,2004
AAPL,2024-03-15,2024-03-15T20:00:00+00:00,2024-03-15T16:00:00-04:00,2024-03-18,M1-FINMULTITIME-DRAFT-0.1,UNAVAILABLE,0,2023-12-16,,90,0,0,AVAILABLE,Assets=2024-02-02;Liabilities=2024-02-02;NetCashProvidedByUsedInFinancingActivities=2024-02-02;NetCashProvidedByUsedInInvestingActivities=2024-02-02;NetCashProvidedByUsedInOperatingActivities=2024-02-02;StockholdersEquity=2024-02-02,6,2024-02-02,42,0,latest eligible filed version per exact concept/unit/start/end group,AVAILABLE,2024-03-15,60,0,cumulative_return_20d;cumulative_return_5d;cumulative_return_60d;drawdown_from_60d_peak;high_low_range_20d;realised_volatility_20d_annualised;relative_volume_vs_20d_mean,UNAVAILABLE,,,,none beyond strict inferred window-end gate,,0,0,5d93860ce7aa3df5593edaca3b1ad1c77a2b69e86c7d6dbbc976f06bd04b80aa,19,799,490,61,1969,1969
AMZN,2024-03-15,2024-03-15T20:00:00+00:00,2024-03-15T16:00:00-04:00,2024-03-18,M1-FINMULTITIME-DRAFT-0.1,UNAVAILABLE,0,2023-12-16,,90,307,0,AVAILABLE,Assets=2024-02-02;NetCashProvidedByUsedInFinancingActivities=2024-02-02;NetCashProvidedByUsedInInvestingActivities=2024-02-02;NetCashProvidedByUsedInOperatingActivities=2024-02-02;StockholdersEquity=2024-02-02,5,2024-02-02,42,0,latest eligible filed version per exact concept/unit/start/end group,AVAILABLE,2024-03-15,60,0,cumulative_return_20d;cumulative_return_5d;cumulative_return_60d;drawdown_from_60d_peak;high_low_range_20d;realised_volatility_20d_annualised;relative_volume_vs_20d_mean,AVAILABLE,amzn_2023_H2_candlestick.png,2023-12-31,75,none beyond strict inferred window-end gate,IMAGE_WINDOW_END_INFERRED_FROM_HALF_YEAR_FILENAME,0,0,5ae4cfee09969e79f53f35ec5831bdfc13669bfd2d3f77b7e0b66a9feba7134f,19,687,486,97,1889,1889
JPM,2024-03-15,2024-03-15T20:00:00+00:00,2024-03-15T16:00:00-04:00,2024-03-18,M1-FINMULTITIME-DRAFT-0.1,UNAVAILABLE,0,,,,0,0,AVAILABLE,Assets=2024-02-16;Liabilities=2024-02-16;NetCashProvidedByUsedInFinancingActivities=2024-02-16;NetCashProvidedByUsedInInvestingActivities=2024-02-16;NetCashProvidedByUsedInOperatingActivities=2024-02-16;StockholdersEquity=2024-02-16,6,2024-02-16,28,0,latest eligible filed version per exact concept/unit/start/end group,AVAILABLE,2024-03-15,60,0,cumulative_return_20d;cumulative_return_5d;cumulative_return_60d;drawdown_from_60d_peak;high_low_range_20d;realised_volatility_20d_annualised;relative_volume_vs_20d_mean,AVAILABLE,jpm_2023_H2_candlestick.png,2023-12-31,75,none beyond strict inferred window-end gate,IMAGE_WINDOW_END_INFERRED_FROM_HALF_YEAR_FILENAME,0,0,4f5c81aa7008992ce10c0ef4ced2d8c170e8f6dbcb7ff055c819168994d3f081,19,803,484,96,2002,2002
AAPL,2024-03-22,2024-03-22T20:00:00+00:00,2024-03-22T16:00:00-04:00,2024-03-25,M1-FINMULTITIME-DRAFT-0.1,UNAVAILABLE,0,2023-12-16,,97,0,0,AVAILABLE,Assets=2024-02-02;Liabilities=2024-02-02;NetCashProvidedByUsedInFinancingActivities=2024-02-02;NetCashProvidedByUsedInInvestingActivities=2024-02-02;NetCashProvidedByUsedInOperatingActivities=2024-02-02;StockholdersEquity=2024-02-02,6,2024-02-02,49,0,latest eligible filed version per exact concept/unit/start/end group,AVAILABLE,2024-03-22,60,0,cumulative_return_20d;cumulative_return_5d;cumulative_return_60d;drawdown_from_60d_peak;high_low_range_20d;realised_volatility_20d_annualised;relative_volume_vs_20d_mean,UNAVAILABLE,,,,none beyond strict inferred window-end gate,,0,0,197ab8027543e1d38cbac8654aaf73779090551110942a94764e419aa738a55e,19,799,488,61,1967,1967
AMZN,2024-03-22,2024-03-22T20:00:00+00:00,2024-03-22T16:00:00-04:00,2024-03-25,M1-FINMULTITIME-DRAFT-0.1,UNAVAILABLE,0,2023-12-16,,97,307,0,AVAILABLE,Assets=2024-02-02;NetCashProvidedByUsedInFinancingActivities=2024-02-02;NetCashProvidedByUsedInInvestingActivities=2024-02-02;NetCashProvidedByUsedInOperatingActivities=2024-02-02;StockholdersEquity=2024-02-02,5,2024-02-02,49,0,latest eligible filed version per exact concept/unit/start/end group,AVAILABLE,2024-03-22,60,0,cumulative_return_20d;cumulative_return_5d;cumulative_return_60d;drawdown_from_60d_peak;high_low_range_20d;realised_volatility_20d_annualised;relative_volume_vs_20d_mean,AVAILABLE,amzn_2023_H2_candlestick.png,2023-12-31,82,none beyond strict inferred window-end gate,IMAGE_WINDOW_END_INFERRED_FROM_HALF_YEAR_FILENAME,0,0,ef2f24fdbe628e552400c892064f1184f2469cad94721e9ea473977efa892432,19,687,466,97,1869,1869
JPM,2024-03-22,2024-03-22T20:00:00+00:00,2024-03-22T16:00:00-04:00,2024-03-25,M1-FINMULTITIME-DRAFT-0.1,UNAVAILABLE,0,,,,0,0,AVAILABLE,Assets=2024-02-16;Liabilities=2024-02-16;NetCashProvidedByUsedInFinancingActivities=2024-02-16;NetCashProvidedByUsedInInvestingActivities=2024-02-16;NetCashProvidedByUsedInOperatingActivities=2024-02-16;StockholdersEquity=2024-02-16,6,2024-02-16,35,0,latest eligible filed version per exact concept/unit/start/end group,AVAILABLE,2024-03-22,60,0,cumulative_return_20d;cumulative_return_5d;cumulative_return_60d;drawdown_from_60d_peak;high_low_range_20d;realised_volatility_20d_annualised;relative_volume_vs_20d_mean,AVAILABLE,jpm_2023_H2_candlestick.png,2023-12-31,82,none beyond strict inferred window-end gate,IMAGE_WINDOW_END_INFERRED_FROM_HALF_YEAR_FILENAME,0,0,5ed46e702809c7e8c57dc5c39cd36223dffd4c8f4d72a28a03bf2736c20acf0f,19,803,485,96,2003,2003
AAPL,2024-03-28,2024-03-28T20:00:00+00:00,2024-03-28T16:00:00-04:00,2024-04-01,M1-FINMULTITIME-DRAFT-0.1,UNAVAILABLE,0,2023-12-16,,103,0,0,AVAILABLE,Assets=2024-02-02;Liabilities=2024-02-02;NetCashProvidedByUsedInFinancingActivities=2024-02-02;NetCashProvidedByUsedInInvestingActivities=2024-02-02;NetCashProvidedByUsedInOperatingActivities=2024-02-02;StockholdersEquity=2024-02-02,6,2024-02-02,55,0,latest eligible filed version per exact concept/unit/start/end group,AVAILABLE,2024-03-28,60,0,cumulative_return_20d;cumulative_return_5d;cumulative_return_60d;drawdown_from_60d_peak;high_low_range_20d;realised_volatility_20d_annualised;relative_volume_vs_20d_mean,UNAVAILABLE,,,,none beyond strict inferred window-end gate,,0,0,db9e7b2e746155fd7eab538796abdab101f3c7e587b181377e5585635716bcda,19,799,488,61,1967,1967
AMZN,2024-03-28,2024-03-28T20:00:00+00:00,2024-03-28T16:00:00-04:00,2024-04-01,M1-FINMULTITIME-DRAFT-0.1,UNAVAILABLE,0,2023-12-16,,103,307,0,AVAILABLE,Assets=2024-02-02;NetCashProvidedByUsedInFinancingActivities=2024-02-02;NetCashProvidedByUsedInInvestingActivities=2024-02-02;NetCashProvidedByUsedInOperatingActivities=2024-02-02;StockholdersEquity=2024-02-02,5,2024-02-02,55,0,latest eligible filed version per exact concept/unit/start/end group,AVAILABLE,2024-03-28,60,0,cumulative_return_20d;cumulative_return_5d;cumulative_return_60d;drawdown_from_60d_peak;high_low_range_20d;realised_volatility_20d_annualised;relative_volume_vs_20d_mean,AVAILABLE,amzn_2023_H2_candlestick.png,2023-12-31,88,none beyond strict inferred window-end gate,IMAGE_WINDOW_END_INFERRED_FROM_HALF_YEAR_FILENAME,0,0,78a7771a220d81b374e6c99dab27d42f0f8cc2bc33ea3900d579c2aa283a2f02,19,687,469,97,1872,1872
JPM,2024-03-28,2024-03-28T20:00:00+00:00,2024-03-28T16:00:00-04:00,2024-04-01,M1-FINMULTITIME-DRAFT-0.1,UNAVAILABLE,0,,,,0,0,AVAILABLE,Assets=2024-02-16;Liabilities=2024-02-16;NetCashProvidedByUsedInFinancingActivities=2024-02-16;NetCashProvidedByUsedInInvestingActivities=2024-02-16;NetCashProvidedByUsedInOperatingActivities=2024-02-16;StockholdersEquity=2024-02-16,6,2024-02-16,41,0,latest eligible filed version per exact concept/unit/start/end group,AVAILABLE,2024-03-28,60,0,cumulative_return_20d;cumulative_return_5d;cumulative_return_60d;drawdown_from_60d_peak;high_low_range_20d;realised_volatility_20d_annualised;relative_volume_vs_20d_mean,AVAILABLE,jpm_2023_H2_candlestick.png,2023-12-31,88,none beyond strict inferred window-end gate,IMAGE_WINDOW_END_INFERRED_FROM_HALF_YEAR_FILENAME,0,0,3f6d79503d9617e336fc9a342ef89c483442edac3e4126e69ba6b0ec97033f21,19,803,468,96,1986,1986
AAPL,2024-04-05,2024-04-05T20:00:00+00:00,2024-04-05T16:00:00-04:00,2024-04-08,M1-FINMULTITIME-DRAFT-0.1,UNAVAILABLE,0,2023-12-16,,111,0,0,AVAILABLE,Assets=2024-02-02;Liabilities=2024-02-02;NetCashProvidedByUsedInFinancingActivities=2024-02-02;NetCashProvidedByUsedInInvestingActivities=2024-02-02;NetCashProvidedByUsedInOperatingActivities=2024-02-02;StockholdersEquity=2024-02-02,6,2024-02-02,63,0,latest eligible filed version per exact concept/unit/start/end group,AVAILABLE,2024-04-05,60,0,cumulative_return_20d;cumulative_return_5d;cumulative_return_60d;drawdown_from_60d_peak;high_low_range_20d;realised_volatility_20d_annualised;relative_volume_vs_20d_mean,UNAVAILABLE,,,,none beyond strict inferred window-end gate,,0,0,ddfbc837cfad89756fbba6a039b0b2b5faf5f7bfadca4a653f5b017540beb0fe,19,799,489,61,1968,1968
AMZN,2024-04-05,2024-04-05T20:00:00+00:00,2024-04-05T16:00:00-04:00,2024-04-08,M1-FINMULTITIME-DRAFT-0.1,UNAVAILABLE,0,2023-12-16,,111,307,0,AVAILABLE,Assets=2024-02-02;NetCashProvidedByUsedInFinancingActivities=2024-02-02;NetCashProvidedByUsedInInvestingActivities=2024-02-02;NetCashProvidedByUsedInOperatingActivities=2024-02-02;StockholdersEquity=2024-02-02,5,2024-02-02,63,0,latest eligible filed version per exact concept/unit/start/end group,AVAILABLE,2024-04-05,60,0,cumulative_return_20d;cumulative_return_5d;cumulative_return_60d;drawdown_from_60d_peak;high_low_range_20d;realised_volatility_20d_annualised;relative_volume_vs_20d_mean,AVAILABLE,amzn_2023_H2_candlestick.png,2023-12-31,96,none beyond strict inferred window-end gate,IMAGE_WINDOW_END_INFERRED_FROM_HALF_YEAR_FILENAME,0,0,fd1bc18397041c7e09e8fd901b4614e6cdf90ed3234bbcc6986dbbcf72fa1ddc,19,687,467,97,1870,1870
JPM,2024-04-05,2024-04-05T20:00:00+00:00,2024-04-05T16:00:00-04:00,2024-04-08,M1-FINMULTITIME-DRAFT-0.1,UNAVAILABLE,0,,,,0,0,AVAILABLE,Assets=2024-02-16;Liabilities=2024-02-16;NetCashProvidedByUsedInFinancingActivities=2024-02-16;NetCashProvidedByUsedInInvestingActivities=2024-02-16;NetCashProvidedByUsedInOperatingActivities=2024-02-16;StockholdersEquity=2024-02-16,6,2024-02-16,49,0,latest eligible filed version per exact concept/unit/start/end group,AVAILABLE,2024-04-05,60,0,cumulative_return_20d;cumulative_return_5d;cumulative_return_60d;drawdown_from_60d_peak;high_low_range_20d;realised_volatility_20d_annualised;relative_volume_vs_20d_mean,AVAILABLE,jpm_2023_H2_candlestick.png,2023-12-31,96,none beyond strict inferred window-end gate,IMAGE_WINDOW_END_INFERRED_FROM_HALF_YEAR_FILENAME,0,0,f2db7a7bffce5edc4e4a4d06d08556fdba3139c322ddb2fe3885d6f2f9416472,19,803,487,96,2005,2005
AAPL,2024-04-12,2024-04-12T20:00:00+00:00,2024-04-12T16:00:00-04:00,2024-04-15,M1-FINMULTITIME-DRAFT-0.1,UNAVAILABLE,0,2023-12-16,,118,0,0,AVAILABLE,Assets=2024-02-02;Liabilities=2024-02-02;NetCashProvidedByUsedInFinancingActivities=2024-02-02;NetCashProvidedByUsedInInvestingActivities=2024-02-02;NetCashProvidedByUsedInOperatingActivities=2024-02-02;StockholdersEquity=2024-02-02,6,2024-02-02,70,0,latest eligible filed version per exact concept/unit/start/end group,AVAILABLE,2024-04-12,60,0,cumulative_return_20d;cumulative_return_5d;cumulative_return_60d;drawdown_from_60d_peak;high_low_range_20d;realised_volatility_20d_annualised;relative_volume_vs_20d_mean,UNAVAILABLE,,,,none beyond strict inferred window-end gate,,0,0,9f37440f646c311a919d693632974c84602c482ce13243d133593364548d5127,19,799,485,61,1964,1964
AMZN,2024-04-12,2024-04-12T20:00:00+00:00,2024-04-12T16:00:00-04:00,2024-04-15,M1-FINMULTITIME-DRAFT-0.1,UNAVAILABLE,0,2023-12-16,,118,307,0,AVAILABLE,Assets=2024-02-02;NetCashProvidedByUsedInFinancingActivities=2024-02-02;NetCashProvidedByUsedInInvestingActivities=2024-02-02;NetCashProvidedByUsedInOperatingActivities=2024-02-02;StockholdersEquity=2024-02-02,5,2024-02-02,70,0,latest eligible filed version per exact concept/unit/start/end group,AVAILABLE,2024-04-12,60,0,cumulative_return_20d;cumulative_return_5d;cumulative_return_60d;drawdown_from_60d_peak;high_low_range_20d;realised_volatility_20d_annualised;relative_volume_vs_20d_mean,AVAILABLE,amzn_2023_H2_candlestick.png,2023-12-31,103,none beyond strict inferred window-end gate,IMAGE_WINDOW_END_INFERRED_FROM_HALF_YEAR_FILENAME,0,0,ba027b07c6301554d7085fb3be019d0b38799d8342b69e71418cea083a2eea4e,19,687,482,97,1885,1885
JPM,2024-04-12,2024-04-12T20:00:00+00:00,2024-04-12T16:00:00-04:00,2024-04-15,M1-FINMULTITIME-DRAFT-0.1,UNAVAILABLE,0,,,,0,0,AVAILABLE,Assets=2024-02-16;Liabilities=2024-02-16;NetCashProvidedByUsedInFinancingActivities=2024-02-16;NetCashProvidedByUsedInInvestingActivities=2024-02-16;NetCashProvidedByUsedInOperatingActivities=2024-02-16;StockholdersEquity=2024-02-16,6,2024-02-16,56,0,latest eligible filed version per exact concept/unit/start/end group,AVAILABLE,2024-04-12,60,0,cumulative_return_20d;cumulative_return_5d;cumulative_return_60d;drawdown_from_60d_peak;high_low_range_20d;realised_volatility_20d_annualised;relative_volume_vs_20d_mean,AVAILABLE,jpm_2023_H2_candlestick.png,2023-12-31,103,none beyond strict inferred window-end gate,IMAGE_WINDOW_END_INFERRED_FROM_HALF_YEAR_FILENAME,0,0,8eaf23cbc5a45e5cd85fdd6db2197515a665833db7734fad6604779a53cef05d,19,803,485,96,2003,2003
AAPL,2024-04-19,2024-04-19T20:00:00+00:00,2024-04-19T16:00:00-04:00,2024-04-22,M1-FINMULTITIME-DRAFT-0.1,UNAVAILABLE,0,2023-12-16,,125,0,0,AVAILABLE,Assets=2024-02-02;Liabilities=2024-02-02;NetCashProvidedByUsedInFinancingActivities=2024-02-02;NetCashProvidedByUsedInInvestingActivities=2024-02-02;NetCashProvidedByUsedInOperatingActivities=2024-02-02;StockholdersEquity=2024-02-02,6,2024-02-02,77,0,latest eligible filed version per exact concept/unit/start/end group,AVAILABLE,2024-04-19,60,0,cumulative_return_20d;cumulative_return_5d;cumulative_return_60d;drawdown_from_60d_peak;high_low_range_20d;realised_volatility_20d_annualised;relative_volume_vs_20d_mean,UNAVAILABLE,,,,none beyond strict inferred window-end gate,,0,0,d9e9c6d4a4bb2f5d4a7c4ccda39372616475b55cfa8c63e26d437a1b50c969f0,19,799,490,61,1969,1969
AMZN,2024-04-19,2024-04-19T20:00:00+00:00,2024-04-19T16:00:00-04:00,2024-04-22,M1-FINMULTITIME-DRAFT-0.1,UNAVAILABLE,0,2023-12-16,,125,307,0,AVAILABLE,Assets=2024-02-02;NetCashProvidedByUsedInFinancingActivities=2024-02-02;NetCashProvidedByUsedInInvestingActivities=2024-02-02;NetCashProvidedByUsedInOperatingActivities=2024-02-02;StockholdersEquity=2024-02-02,5,2024-02-02,77,0,latest eligible filed version per exact concept/unit/start/end group,AVAILABLE,2024-04-19,60,0,cumulative_return_20d;cumulative_return_5d;cumulative_return_60d;drawdown_from_60d_peak;high_low_range_20d;realised_volatility_20d_annualised;relative_volume_vs_20d_mean,AVAILABLE,amzn_2023_H2_candlestick.png,2023-12-31,110,none beyond strict inferred window-end gate,IMAGE_WINDOW_END_INFERRED_FROM_HALF_YEAR_FILENAME,0,0,c0d43353d01b605de3dee40d524acecfd934889fd6e120bd7990af7a3229c8aa,19,687,487,97,1890,1890
JPM,2024-04-19,2024-04-19T20:00:00+00:00,2024-04-19T16:00:00-04:00,2024-04-22,M1-FINMULTITIME-DRAFT-0.1,UNAVAILABLE,0,,,,0,0,AVAILABLE,Assets=2024-02-16;Liabilities=2024-02-16;NetCashProvidedByUsedInFinancingActivities=2024-02-16;NetCashProvidedByUsedInInvestingActivities=2024-02-16;NetCashProvidedByUsedInOperatingActivities=2024-02-16;StockholdersEquity=2024-02-16,6,2024-02-16,63,0,latest eligible filed version per exact concept/unit/start/end group,AVAILABLE,2024-04-19,60,0,cumulative_return_20d;cumulative_return_5d;cumulative_return_60d;drawdown_from_60d_peak;high_low_range_20d;realised_volatility_20d_annualised;relative_volume_vs_20d_mean,AVAILABLE,jpm_2023_H2_candlestick.png,2023-12-31,110,none beyond strict inferred window-end gate,IMAGE_WINDOW_END_INFERRED_FROM_HALF_YEAR_FILENAME,0,0,dcb6269c64ed620c3af032b39d42fbae7153ba685a4e26389eb65418b75338e2,19,803,486,96,2004,2004
AAPL,2024-04-26,2024-04-26T20:00:00+00:00,2024-04-26T16:00:00-04:00,2024-04-29,M1-FINMULTITIME-DRAFT-0.1,UNAVAILABLE,0,2023-12-16,,132,0,0,AVAILABLE,Assets=2024-02-02;Liabilities=2024-02-02;NetCashProvidedByUsedInFinancingActivities=2024-02-02;NetCashProvidedByUsedInInvestingActivities=2024-02-02;NetCashProvidedByUsedInOperatingActivities=2024-02-02;StockholdersEquity=2024-02-02,6,2024-02-02,84,0,latest eligible filed version per exact concept/unit/start/end group,AVAILABLE,2024-04-26,60,0,cumulative_return_20d;cumulative_return_5d;cumulative_return_60d;drawdown_from_60d_peak;high_low_range_20d;realised_volatility_20d_annualised;relative_volume_vs_20d_mean,UNAVAILABLE,,,,none beyond strict inferred window-end gate,,0,0,e4a7afc470b5dffd978e3d17cfd85420d6735fbe9bc53e7dafee1a5a708a88e6,19,799,488,61,1967,1967
AMZN,2024-04-26,2024-04-26T20:00:00+00:00,2024-04-26T16:00:00-04:00,2024-04-29,M1-FINMULTITIME-DRAFT-0.1,UNAVAILABLE,0,2023-12-16,,132,307,0,AVAILABLE,Assets=2024-02-02;NetCashProvidedByUsedInFinancingActivities=2024-02-02;NetCashProvidedByUsedInInvestingActivities=2024-02-02;NetCashProvidedByUsedInOperatingActivities=2024-02-02;StockholdersEquity=2024-02-02,5,2024-02-02,84,0,latest eligible filed version per exact concept/unit/start/end group,AVAILABLE,2024-04-26,60,0,cumulative_return_20d;cumulative_return_5d;cumulative_return_60d;drawdown_from_60d_peak;high_low_range_20d;realised_volatility_20d_annualised;relative_volume_vs_20d_mean,AVAILABLE,amzn_2023_H2_candlestick.png,2023-12-31,117,none beyond strict inferred window-end gate,IMAGE_WINDOW_END_INFERRED_FROM_HALF_YEAR_FILENAME,0,0,e8d9a191d36ab581bd0b41169067a0dab5cadfc282cc701b5a0d8b712f768b0f,19,687,488,97,1891,1891
JPM,2024-04-26,2024-04-26T20:00:00+00:00,2024-04-26T16:00:00-04:00,2024-04-29,M1-FINMULTITIME-DRAFT-0.1,UNAVAILABLE,0,,,,0,0,AVAILABLE,Assets=2024-02-16;Liabilities=2024-02-16;NetCashProvidedByUsedInFinancingActivities=2024-02-16;NetCashProvidedByUsedInInvestingActivities=2024-02-16;NetCashProvidedByUsedInOperatingActivities=2024-02-16;StockholdersEquity=2024-02-16,6,2024-02-16,70,0,latest eligible filed version per exact concept/unit/start/end group,AVAILABLE,2024-04-26,60,0,cumulative_return_20d;cumulative_return_5d;cumulative_return_60d;drawdown_from_60d_peak;high_low_range_20d;realised_volatility_20d_annualised;relative_volume_vs_20d_mean,AVAILABLE,jpm_2023_H2_candlestick.png,2023-12-31,117,none beyond strict inferred window-end gate,IMAGE_WINDOW_END_INFERRED_FROM_HALF_YEAR_FILENAME,0,0,976c1458ea796789ce5ce277120d329231683906fab6d9bbaf7fc3951c2fa86b,19,803,487,96,2005,2005
AAPL,2024-05-03,2024-05-03T20:00:00+00:00,2024-05-03T16:00:00-04:00,2024-05-06,M1-FINMULTITIME-DRAFT-0.1,UNAVAILABLE,0,2023-12-16,,139,0,0,AVAILABLE,Assets=2024-02-02;Liabilities=2024-02-02;NetCashProvidedByUsedInFinancingActivities=2024-02-02;NetCashProvidedByUsedInInvestingActivities=2024-02-02;NetCashProvidedByUsedInOperatingActivities=2024-02-02;StockholdersEquity=2024-02-02,6,2024-02-02,91,1680,latest eligible filed version per exact concept/unit/start/end group,AVAILABLE,2024-05-03,60,0,cumulative_return_20d;cumulative_return_5d;cumulative_return_60d;drawdown_from_60d_peak;high_low_range_20d;realised_volatility_20d_annualised;relative_volume_vs_20d_mean,UNAVAILABLE,,,,none beyond strict inferred window-end gate,TABLE_SAME_DAY_FILED_DATE_ONLY_AMBIGUOUS,0,1680,d3bc81bcced9d56440e9a5413680c86cb6516bd09160b8f6cbf59616ece97dcd,19,799,486,61,1965,1965
AMZN,2024-05-03,2024-05-03T20:00:00+00:00,2024-05-03T16:00:00-04:00,2024-05-06,M1-FINMULTITIME-DRAFT-0.1,UNAVAILABLE,0,2023-12-16,,139,307,0,AVAILABLE,Assets=2024-05-01;NetCashProvidedByUsedInFinancingActivities=2024-05-01;NetCashProvidedByUsedInInvestingActivities=2024-05-01;NetCashProvidedByUsedInOperatingActivities=2024-05-01;StockholdersEquity=2024-05-01,5,2024-05-01,2,0,latest eligible filed version per exact concept/unit/start/end group,AVAILABLE,2024-05-03,60,0,cumulative_return_20d;cumulative_return_5d;cumulative_return_60d;drawdown_from_60d_peak;high_low_range_20d;realised_volatility_20d_annualised;relative_volume_vs_20d_mean,AVAILABLE,amzn_2023_H2_candlestick.png,2023-12-31,124,none beyond strict inferred window-end gate,IMAGE_WINDOW_END_INFERRED_FROM_HALF_YEAR_FILENAME,0,0,050a0e483816c45a963d68c18a7e238d075a8fcfe5364a249761eeb83d5124b6,19,686,485,97,1887,1887
JPM,2024-05-03,2024-05-03T20:00:00+00:00,2024-05-03T16:00:00-04:00,2024-05-06,M1-FINMULTITIME-DRAFT-0.1,UNAVAILABLE,0,,,,0,0,AVAILABLE,Assets=2024-05-01;Liabilities=2024-05-01;NetCashProvidedByUsedInFinancingActivities=2024-05-01;NetCashProvidedByUsedInInvestingActivities=2024-05-01;NetCashProvidedByUsedInOperatingActivities=2024-05-01;StockholdersEquity=2024-05-01,6,2024-05-01,2,0,latest eligible filed version per exact concept/unit/start/end group,AVAILABLE,2024-05-03,60,0,cumulative_return_20d;cumulative_return_5d;cumulative_return_60d;drawdown_from_60d_peak;high_low_range_20d;realised_volatility_20d_annualised;relative_volume_vs_20d_mean,AVAILABLE,jpm_2023_H2_candlestick.png,2023-12-31,124,none beyond strict inferred window-end gate,IMAGE_WINDOW_END_INFERRED_FROM_HALF_YEAR_FILENAME,0,0,e3823a9265b8fb2562e7fbfbeec389ef9c6473441ed8c5a1ff4427a1ebcc595c,19,806,485,96,2006,2006
AAPL,2024-05-10,2024-05-10T20:00:00+00:00,2024-05-10T16:00:00-04:00,2024-05-13,M1-FINMULTITIME-DRAFT-0.1,UNAVAILABLE,0,2023-12-16,,146,0,0,AVAILABLE,Assets=2024-05-03;Liabilities=2024-05-03;NetCashProvidedByUsedInFinancingActivities=2024-05-03;NetCashProvidedByUsedInInvestingActivities=2024-05-03;NetCashProvidedByUsedInOperatingActivities=2024-05-03;StockholdersEquity=2024-05-03,6,2024-05-03,7,0,latest eligible filed version per exact concept/unit/start/end group,AVAILABLE,2024-05-10,60,0,cumulative_return_20d;cumulative_return_5d;cumulative_return_60d;drawdown_from_60d_peak;high_low_range_20d;realised_volatility_20d_annualised;relative_volume_vs_20d_mean,UNAVAILABLE,,,,none beyond strict inferred window-end gate,,0,0,69e39cb45e6d38aad9b0d6f20f222dda4d81e2ff3ef9dabe457b5a08c96116d5,19,799,488,61,1967,1967
AMZN,2024-05-10,2024-05-10T20:00:00+00:00,2024-05-10T16:00:00-04:00,2024-05-13,M1-FINMULTITIME-DRAFT-0.1,UNAVAILABLE,0,2023-12-16,,146,307,0,AVAILABLE,Assets=2024-05-01;NetCashProvidedByUsedInFinancingActivities=2024-05-01;NetCashProvidedByUsedInInvestingActivities=2024-05-01;NetCashProvidedByUsedInOperatingActivities=2024-05-01;StockholdersEquity=2024-05-01,5,2024-05-01,9,0,latest eligible filed version per exact concept/unit/start/end group,AVAILABLE,2024-05-10,60,0,cumulative_return_20d;cumulative_return_5d;cumulative_return_60d;drawdown_from_60d_peak;high_low_range_20d;realised_volatility_20d_annualised;relative_volume_vs_20d_mean,AVAILABLE,amzn_2023_H2_candlestick.png,2023-12-31,131,none beyond strict inferred window-end gate,IMAGE_WINDOW_END_INFERRED_FROM_HALF_YEAR_FILENAME,0,0,7affc3a6c1311016091fbfd1a02fe571e30f713c712a28b775fcd1f7d61d7bb5,19,686,487,97,1889,1889
JPM,2024-05-10,2024-05-10T20:00:00+00:00,2024-05-10T16:00:00-04:00,2024-05-13,M1-FINMULTITIME-DRAFT-0.1,UNAVAILABLE,0,,,,0,0,AVAILABLE,Assets=2024-05-01;Liabilities=2024-05-01;NetCashProvidedByUsedInFinancingActivities=2024-05-01;NetCashProvidedByUsedInInvestingActivities=2024-05-01;NetCashProvidedByUsedInOperatingActivities=2024-05-01;StockholdersEquity=2024-05-01,6,2024-05-01,9,0,latest eligible filed version per exact concept/unit/start/end group,AVAILABLE,2024-05-10,60,0,cumulative_return_20d;cumulative_return_5d;cumulative_return_60d;drawdown_from_60d_peak;high_low_range_20d;realised_volatility_20d_annualised;relative_volume_vs_20d_mean,AVAILABLE,jpm_2023_H2_candlestick.png,2023-12-31,131,none beyond strict inferred window-end gate,IMAGE_WINDOW_END_INFERRED_FROM_HALF_YEAR_FILENAME,0,0,0535e451d0ac8dc8944e689d61060bc9a1415a72849781b66457b9f0883ac7f9,19,806,486,96,2007,2007
AAPL,2024-05-17,2024-05-17T20:00:00+00:00,2024-05-17T16:00:00-04:00,2024-05-20,M1-FINMULTITIME-DRAFT-0.1,UNAVAILABLE,0,2023-12-16,,153,0,0,AVAILABLE,Assets=2024-05-03;Liabilities=2024-05-03;NetCashProvidedByUsedInFinancingActivities=2024-05-03;NetCashProvidedByUsedInInvestingActivities=2024-05-03;NetCashProvidedByUsedInOperatingActivities=2024-05-03;StockholdersEquity=2024-05-03,6,2024-05-03,14,0,latest eligible filed version per exact concept/unit/start/end group,AVAILABLE,2024-05-17,60,0,cumulative_return_20d;cumulative_return_5d;cumulative_return_60d;drawdown_from_60d_peak;high_low_range_20d;realised_volatility_20d_annualised;relative_volume_vs_20d_mean,UNAVAILABLE,,,,none beyond strict inferred window-end gate,,0,0,2cfdec0ec89890d9485de187538e3098a956e5b801033a1502946c9dec691447,19,799,468,61,1947,1947
AMZN,2024-05-17,2024-05-17T20:00:00+00:00,2024-05-17T16:00:00-04:00,2024-05-20,M1-FINMULTITIME-DRAFT-0.1,UNAVAILABLE,0,2023-12-16,,153,307,0,AVAILABLE,Assets=2024-05-01;NetCashProvidedByUsedInFinancingActivities=2024-05-01;NetCashProvidedByUsedInInvestingActivities=2024-05-01;NetCashProvidedByUsedInOperatingActivities=2024-05-01;StockholdersEquity=2024-05-01,5,2024-05-01,16,0,latest eligible filed version per exact concept/unit/start/end group,AVAILABLE,2024-05-17,60,0,cumulative_return_20d;cumulative_return_5d;cumulative_return_60d;drawdown_from_60d_peak;high_low_range_20d;realised_volatility_20d_annualised;relative_volume_vs_20d_mean,AVAILABLE,amzn_2023_H2_candlestick.png,2023-12-31,138,none beyond strict inferred window-end gate,IMAGE_WINDOW_END_INFERRED_FROM_HALF_YEAR_FILENAME,0,0,e77b96ae41427dfc8e151f30338191c952898d725a240b3489d68351d17e99ee,19,686,487,97,1889,1889
JPM,2024-05-17,2024-05-17T20:00:00+00:00,2024-05-17T16:00:00-04:00,2024-05-20,M1-FINMULTITIME-DRAFT-0.1,UNAVAILABLE,0,,,,0,0,AVAILABLE,Assets=2024-05-01;Liabilities=2024-05-01;NetCashProvidedByUsedInFinancingActivities=2024-05-01;NetCashProvidedByUsedInInvestingActivities=2024-05-01;NetCashProvidedByUsedInOperatingActivities=2024-05-01;StockholdersEquity=2024-05-01,6,2024-05-01,16,0,latest eligible filed version per exact concept/unit/start/end group,AVAILABLE,2024-05-17,60,0,cumulative_return_20d;cumulative_return_5d;cumulative_return_60d;drawdown_from_60d_peak;high_low_range_20d;realised_volatility_20d_annualised;relative_volume_vs_20d_mean,AVAILABLE,jpm_2023_H2_candlestick.png,2023-12-31,138,none beyond strict inferred window-end gate,IMAGE_WINDOW_END_INFERRED_FROM_HALF_YEAR_FILENAME,0,0,019125464890c11072c062ccb8fc0019c6e5146c06400a7126954f0b05f00ffe,19,806,469,96,1990,1990
AAPL,2024-05-24,2024-05-24T20:00:00+00:00,2024-05-24T16:00:00-04:00,2024-05-28,M1-FINMULTITIME-DRAFT-0.1,UNAVAILABLE,0,2023-12-16,,160,0,0,AVAILABLE,Assets=2024-05-03;Liabilities=2024-05-03;NetCashProvidedByUsedInFinancingActivities=2024-05-03;NetCashProvidedByUsedInInvestingActivities=2024-05-03;NetCashProvidedByUsedInOperatingActivities=2024-05-03;StockholdersEquity=2024-05-03,6,2024-05-03,21,0,latest eligible filed version per exact concept/unit/start/end group,AVAILABLE,2024-05-24,60,0,cumulative_return_20d;cumulative_return_5d;cumulative_return_60d;drawdown_from_60d_peak;high_low_range_20d;realised_volatility_20d_annualised;relative_volume_vs_20d_mean,UNAVAILABLE,,,,none beyond strict inferred window-end gate,,0,0,492a430fe69b668e301bc598c2a38e9783d49ce47907dcf769afb7e58792c3f5,19,799,487,61,1966,1966
AMZN,2024-05-24,2024-05-24T20:00:00+00:00,2024-05-24T16:00:00-04:00,2024-05-28,M1-FINMULTITIME-DRAFT-0.1,UNAVAILABLE,0,2023-12-16,,160,307,0,AVAILABLE,Assets=2024-05-01;NetCashProvidedByUsedInFinancingActivities=2024-05-01;NetCashProvidedByUsedInInvestingActivities=2024-05-01;NetCashProvidedByUsedInOperatingActivities=2024-05-01;StockholdersEquity=2024-05-01,5,2024-05-01,23,0,latest eligible filed version per exact concept/unit/start/end group,AVAILABLE,2024-05-24,60,0,cumulative_return_20d;cumulative_return_5d;cumulative_return_60d;drawdown_from_60d_peak;high_low_range_20d;realised_volatility_20d_annualised;relative_volume_vs_20d_mean,AVAILABLE,amzn_2023_H2_candlestick.png,2023-12-31,145,none beyond strict inferred window-end gate,IMAGE_WINDOW_END_INFERRED_FROM_HALF_YEAR_FILENAME,0,0,e68539611937bcb83cd82ea9758f5f9ceda12c9ac59ac7d336ee7ccb014bf8e2,19,686,491,97,1893,1893
JPM,2024-05-24,2024-05-24T20:00:00+00:00,2024-05-24T16:00:00-04:00,2024-05-28,M1-FINMULTITIME-DRAFT-0.1,UNAVAILABLE,0,,,,0,0,AVAILABLE,Assets=2024-05-01;Liabilities=2024-05-01;NetCashProvidedByUsedInFinancingActivities=2024-05-01;NetCashProvidedByUsedInInvestingActivities=2024-05-01;NetCashProvidedByUsedInOperatingActivities=2024-05-01;StockholdersEquity=2024-05-01,6,2024-05-01,23,0,latest eligible filed version per exact concept/unit/start/end group,AVAILABLE,2024-05-24,60,0,cumulative_return_20d;cumulative_return_5d;cumulative_return_60d;drawdown_from_60d_peak;high_low_range_20d;realised_volatility_20d_annualised;relative_volume_vs_20d_mean,AVAILABLE,jpm_2023_H2_candlestick.png,2023-12-31,145,none beyond strict inferred window-end gate,IMAGE_WINDOW_END_INFERRED_FROM_HALF_YEAR_FILENAME,0,0,72900c8dc32ce4d8bbc254d043331624a0c9503ec31b481c2d7ba94bfd889367,19,806,487,96,2008,2008
AAPL,2024-05-31,2024-05-31T20:00:00+00:00,2024-05-31T16:00:00-04:00,2024-06-03,M1-FINMULTITIME-DRAFT-0.1,UNAVAILABLE,0,2023-12-16,,167,0,0,AVAILABLE,Assets=2024-05-03;Liabilities=2024-05-03;NetCashProvidedByUsedInFinancingActivities=2024-05-03;NetCashProvidedByUsedInInvestingActivities=2024-05-03;NetCashProvidedByUsedInOperatingActivities=2024-05-03;StockholdersEquity=2024-05-03,6,2024-05-03,28,0,latest eligible filed version per exact concept/unit/start/end group,AVAILABLE,2024-05-31,60,0,cumulative_return_20d;cumulative_return_5d;cumulative_return_60d;drawdown_from_60d_peak;high_low_range_20d;realised_volatility_20d_annualised;relative_volume_vs_20d_mean,UNAVAILABLE,,,,none beyond strict inferred window-end gate,,0,0,e90b54b163f7c6f4eec2b6e08c4dfefc6dfa48e323edc008c861e67663385224,19,799,488,61,1967,1967
AMZN,2024-05-31,2024-05-31T20:00:00+00:00,2024-05-31T16:00:00-04:00,2024-06-03,M1-FINMULTITIME-DRAFT-0.1,UNAVAILABLE,0,2023-12-16,,167,307,0,AVAILABLE,Assets=2024-05-01;NetCashProvidedByUsedInFinancingActivities=2024-05-01;NetCashProvidedByUsedInInvestingActivities=2024-05-01;NetCashProvidedByUsedInOperatingActivities=2024-05-01;StockholdersEquity=2024-05-01,5,2024-05-01,30,0,latest eligible filed version per exact concept/unit/start/end group,AVAILABLE,2024-05-31,60,0,cumulative_return_20d;cumulative_return_5d;cumulative_return_60d;drawdown_from_60d_peak;high_low_range_20d;realised_volatility_20d_annualised;relative_volume_vs_20d_mean,AVAILABLE,amzn_2023_H2_candlestick.png,2023-12-31,152,none beyond strict inferred window-end gate,IMAGE_WINDOW_END_INFERRED_FROM_HALF_YEAR_FILENAME,0,0,bcebc782985f57282e82c2e536674b6923617bfecbfaa4270b3caa48d4bca280,19,686,487,97,1889,1889
JPM,2024-05-31,2024-05-31T20:00:00+00:00,2024-05-31T16:00:00-04:00,2024-06-03,M1-FINMULTITIME-DRAFT-0.1,UNAVAILABLE,0,,,,0,0,AVAILABLE,Assets=2024-05-01;Liabilities=2024-05-01;NetCashProvidedByUsedInFinancingActivities=2024-05-01;NetCashProvidedByUsedInInvestingActivities=2024-05-01;NetCashProvidedByUsedInOperatingActivities=2024-05-01;StockholdersEquity=2024-05-01,6,2024-05-01,30,0,latest eligible filed version per exact concept/unit/start/end group,AVAILABLE,2024-05-31,60,0,cumulative_return_20d;cumulative_return_5d;cumulative_return_60d;drawdown_from_60d_peak;high_low_range_20d;realised_volatility_20d_annualised;relative_volume_vs_20d_mean,AVAILABLE,jpm_2023_H2_candlestick.png,2023-12-31,152,none beyond strict inferred window-end gate,IMAGE_WINDOW_END_INFERRED_FROM_HALF_YEAR_FILENAME,0,0,4e520c32976f9899bf7b72e2a8f755ae2707d2758d862fca584bec4afe635e6b,19,806,484,96,2005,2005
AAPL,2024-06-07,2024-06-07T20:00:00+00:00,2024-06-07T16:00:00-04:00,2024-06-10,M1-FINMULTITIME-DRAFT-0.1,UNAVAILABLE,0,2023-12-16,,174,0,0,AVAILABLE,Assets=2024-05-03;Liabilities=2024-05-03;NetCashProvidedByUsedInFinancingActivities=2024-05-03;NetCashProvidedByUsedInInvestingActivities=2024-05-03;NetCashProvidedByUsedInOperatingActivities=2024-05-03;StockholdersEquity=2024-05-03,6,2024-05-03,35,0,latest eligible filed version per exact concept/unit/start/end group,AVAILABLE,2024-06-07,60,0,cumulative_return_20d;cumulative_return_5d;cumulative_return_60d;drawdown_from_60d_peak;high_low_range_20d;realised_volatility_20d_annualised;relative_volume_vs_20d_mean,UNAVAILABLE,,,,none beyond strict inferred window-end gate,,0,0,a73ab712bf295bf247d6936a50c3cec39190fa65d8a4dd221fc5aa7ca4c8acc4,19,799,467,61,1946,1946
AMZN,2024-06-07,2024-06-07T20:00:00+00:00,2024-06-07T16:00:00-04:00,2024-06-10,M1-FINMULTITIME-DRAFT-0.1,UNAVAILABLE,0,2023-12-16,,174,307,0,AVAILABLE,Assets=2024-05-01;NetCashProvidedByUsedInFinancingActivities=2024-05-01;NetCashProvidedByUsedInInvestingActivities=2024-05-01;NetCashProvidedByUsedInOperatingActivities=2024-05-01;StockholdersEquity=2024-05-01,5,2024-05-01,37,0,latest eligible filed version per exact concept/unit/start/end group,AVAILABLE,2024-06-07,60,0,cumulative_return_20d;cumulative_return_5d;cumulative_return_60d;drawdown_from_60d_peak;high_low_range_20d;realised_volatility_20d_annualised;relative_volume_vs_20d_mean,AVAILABLE,amzn_2023_H2_candlestick.png,2023-12-31,159,none beyond strict inferred window-end gate,IMAGE_WINDOW_END_INFERRED_FROM_HALF_YEAR_FILENAME,0,0,234c6ab1af37461a6268fa799761cd62d09d28f7e852b656f55388e0c0760d4f,19,686,488,97,1890,1890
JPM,2024-06-07,2024-06-07T20:00:00+00:00,2024-06-07T16:00:00-04:00,2024-06-10,M1-FINMULTITIME-DRAFT-0.1,UNAVAILABLE,0,,,,0,0,AVAILABLE,Assets=2024-05-01;Liabilities=2024-05-01;NetCashProvidedByUsedInFinancingActivities=2024-05-01;NetCashProvidedByUsedInInvestingActivities=2024-05-01;NetCashProvidedByUsedInOperatingActivities=2024-05-01;StockholdersEquity=2024-05-01,6,2024-05-01,37,0,latest eligible filed version per exact concept/unit/start/end group,AVAILABLE,2024-06-07,60,0,cumulative_return_20d;cumulative_return_5d;cumulative_return_60d;drawdown_from_60d_peak;high_low_range_20d;realised_volatility_20d_annualised;relative_volume_vs_20d_mean,AVAILABLE,jpm_2023_H2_candlestick.png,2023-12-31,159,none beyond strict inferred window-end gate,IMAGE_WINDOW_END_INFERRED_FROM_HALF_YEAR_FILENAME,0,0,e43f4c18eb17ce62a24ec42a9c894bfe783c600fcb3b04689ca42d96f0a0a584,19,806,487,96,2008,2008
AAPL,2024-06-14,2024-06-14T20:00:00+00:00,2024-06-14T16:00:00-04:00,2024-06-17,M1-FINMULTITIME-DRAFT-0.1,UNAVAILABLE,0,2023-12-16,,181,0,0,AVAILABLE,Assets=2024-05-03;Liabilities=2024-05-03;NetCashProvidedByUsedInFinancingActivities=2024-05-03;NetCashProvidedByUsedInInvestingActivities=2024-05-03;NetCashProvidedByUsedInOperatingActivities=2024-05-03;StockholdersEquity=2024-05-03,6,2024-05-03,42,0,latest eligible filed version per exact concept/unit/start/end group,AVAILABLE,2024-06-14,60,0,cumulative_return_20d;cumulative_return_5d;cumulative_return_60d;drawdown_from_60d_peak;high_low_range_20d;realised_volatility_20d_annualised;relative_volume_vs_20d_mean,UNAVAILABLE,,,,none beyond strict inferred window-end gate,,0,0,98a348109619b26616993630ca358b4d318b52824df316675035c23fac203358,19,799,481,61,1960,1960
AMZN,2024-06-14,2024-06-14T20:00:00+00:00,2024-06-14T16:00:00-04:00,2024-06-17,M1-FINMULTITIME-DRAFT-0.1,UNAVAILABLE,0,2023-12-16,,181,307,0,AVAILABLE,Assets=2024-05-01;NetCashProvidedByUsedInFinancingActivities=2024-05-01;NetCashProvidedByUsedInInvestingActivities=2024-05-01;NetCashProvidedByUsedInOperatingActivities=2024-05-01;StockholdersEquity=2024-05-01,5,2024-05-01,44,0,latest eligible filed version per exact concept/unit/start/end group,AVAILABLE,2024-06-14,60,0,cumulative_return_20d;cumulative_return_5d;cumulative_return_60d;drawdown_from_60d_peak;high_low_range_20d;realised_volatility_20d_annualised;relative_volume_vs_20d_mean,AVAILABLE,amzn_2023_H2_candlestick.png,2023-12-31,166,none beyond strict inferred window-end gate,IMAGE_WINDOW_END_INFERRED_FROM_HALF_YEAR_FILENAME,0,0,ace09db7574efaec1ceb774bb798fde62a4abee8f3f8b4a36acd4a9b31832bdd,19,686,489,97,1891,1891
JPM,2024-06-14,2024-06-14T20:00:00+00:00,2024-06-14T16:00:00-04:00,2024-06-17,M1-FINMULTITIME-DRAFT-0.1,UNAVAILABLE,0,,,,0,0,AVAILABLE,Assets=2024-05-01;Liabilities=2024-05-01;NetCashProvidedByUsedInFinancingActivities=2024-05-01;NetCashProvidedByUsedInInvestingActivities=2024-05-01;NetCashProvidedByUsedInOperatingActivities=2024-05-01;StockholdersEquity=2024-05-01,6,2024-05-01,44,0,latest eligible filed version per exact concept/unit/start/end group,AVAILABLE,2024-06-14,60,0,cumulative_return_20d;cumulative_return_5d;cumulative_return_60d;drawdown_from_60d_peak;high_low_range_20d;realised_volatility_20d_annualised;relative_volume_vs_20d_mean,AVAILABLE,jpm_2023_H2_candlestick.png,2023-12-31,166,none beyond strict inferred window-end gate,IMAGE_WINDOW_END_INFERRED_FROM_HALF_YEAR_FILENAME,0,0,6565b9b4fb452b9fdfc0857188738bb3bd8be57a152c5799afb947313e2bd946,19,806,487,96,2008,2008
AAPL,2024-06-21,2024-06-21T20:00:00+00:00,2024-06-21T16:00:00-04:00,2024-06-24,M1-FINMULTITIME-DRAFT-0.1,UNAVAILABLE,0,2023-12-16,,188,0,0,AVAILABLE,Assets=2024-05-03;Liabilities=2024-05-03;NetCashProvidedByUsedInFinancingActivities=2024-05-03;NetCashProvidedByUsedInInvestingActivities=2024-05-03;NetCashProvidedByUsedInOperatingActivities=2024-05-03;StockholdersEquity=2024-05-03,6,2024-05-03,49,0,latest eligible filed version per exact concept/unit/start/end group,AVAILABLE,2024-06-21,60,0,cumulative_return_20d;cumulative_return_5d;cumulative_return_60d;drawdown_from_60d_peak;high_low_range_20d;realised_volatility_20d_annualised;relative_volume_vs_20d_mean,UNAVAILABLE,,,,none beyond strict inferred window-end gate,,0,0,860ff685001c97837183d4b2250dacb77dcba1fe4efbfd8c1dc3e3bea7f004f4,19,799,481,61,1960,1960
AMZN,2024-06-21,2024-06-21T20:00:00+00:00,2024-06-21T16:00:00-04:00,2024-06-24,M1-FINMULTITIME-DRAFT-0.1,UNAVAILABLE,0,2023-12-16,,188,307,0,AVAILABLE,Assets=2024-05-01;NetCashProvidedByUsedInFinancingActivities=2024-05-01;NetCashProvidedByUsedInInvestingActivities=2024-05-01;NetCashProvidedByUsedInOperatingActivities=2024-05-01;StockholdersEquity=2024-05-01,5,2024-05-01,51,0,latest eligible filed version per exact concept/unit/start/end group,AVAILABLE,2024-06-21,60,0,cumulative_return_20d;cumulative_return_5d;cumulative_return_60d;drawdown_from_60d_peak;high_low_range_20d;realised_volatility_20d_annualised;relative_volume_vs_20d_mean,AVAILABLE,amzn_2023_H2_candlestick.png,2023-12-31,173,none beyond strict inferred window-end gate,IMAGE_WINDOW_END_INFERRED_FROM_HALF_YEAR_FILENAME,0,0,038c9a27ac4215ef474886cd284cab5e634067daab1cf6e3d37466d65549e85c,19,686,489,97,1891,1891
JPM,2024-06-21,2024-06-21T20:00:00+00:00,2024-06-21T16:00:00-04:00,2024-06-24,M1-FINMULTITIME-DRAFT-0.1,UNAVAILABLE,0,,,,0,0,AVAILABLE,Assets=2024-05-01;Liabilities=2024-05-01;NetCashProvidedByUsedInFinancingActivities=2024-05-01;NetCashProvidedByUsedInInvestingActivities=2024-05-01;NetCashProvidedByUsedInOperatingActivities=2024-05-01;StockholdersEquity=2024-05-01,6,2024-05-01,51,0,latest eligible filed version per exact concept/unit/start/end group,AVAILABLE,2024-06-21,60,0,cumulative_return_20d;cumulative_return_5d;cumulative_return_60d;drawdown_from_60d_peak;high_low_range_20d;realised_volatility_20d_annualised;relative_volume_vs_20d_mean,AVAILABLE,jpm_2023_H2_candlestick.png,2023-12-31,173,none beyond strict inferred window-end gate,IMAGE_WINDOW_END_INFERRED_FROM_HALF_YEAR_FILENAME,0,0,13dc8fe6270b569b13ad811f88c97f442b258eb36bf4709475ad72b154d32789,19,806,491,96,2012,2012
AAPL,2024-06-28,2024-06-28T20:00:00+00:00,2024-06-28T16:00:00-04:00,2024-07-01,M1-FINMULTITIME-DRAFT-0.1,UNAVAILABLE,0,2023-12-16,,195,0,0,AVAILABLE,Assets=2024-05-03;Liabilities=2024-05-03;NetCashProvidedByUsedInFinancingActivities=2024-05-03;NetCashProvidedByUsedInInvestingActivities=2024-05-03;NetCashProvidedByUsedInOperatingActivities=2024-05-03;StockholdersEquity=2024-05-03,6,2024-05-03,56,0,latest eligible filed version per exact concept/unit/start/end group,AVAILABLE,2024-06-28,60,0,cumulative_return_20d;cumulative_return_5d;cumulative_return_60d;drawdown_from_60d_peak;high_low_range_20d;realised_volatility_20d_annualised;relative_volume_vs_20d_mean,UNAVAILABLE,,,,none beyond strict inferred window-end gate,,0,0,456cbf068826941478643fa869ef57e8568f05c4b2135b07badc6ff8f1c979ab,19,799,485,61,1964,1964
AMZN,2024-06-28,2024-06-28T20:00:00+00:00,2024-06-28T16:00:00-04:00,2024-07-01,M1-FINMULTITIME-DRAFT-0.1,UNAVAILABLE,0,2023-12-16,,195,307,0,AVAILABLE,Assets=2024-05-01;NetCashProvidedByUsedInFinancingActivities=2024-05-01;NetCashProvidedByUsedInInvestingActivities=2024-05-01;NetCashProvidedByUsedInOperatingActivities=2024-05-01;StockholdersEquity=2024-05-01,5,2024-05-01,58,0,latest eligible filed version per exact concept/unit/start/end group,AVAILABLE,2024-06-28,60,0,cumulative_return_20d;cumulative_return_5d;cumulative_return_60d;drawdown_from_60d_peak;high_low_range_20d;realised_volatility_20d_annualised;relative_volume_vs_20d_mean,AVAILABLE,amzn_2023_H2_candlestick.png,2023-12-31,180,none beyond strict inferred window-end gate,IMAGE_WINDOW_END_INFERRED_FROM_HALF_YEAR_FILENAME,0,0,64670f99e0bbb271e3457e432027892344c0602cef45a9c83b182c0b65434ac3,19,686,486,97,1888,1888
JPM,2024-06-28,2024-06-28T20:00:00+00:00,2024-06-28T16:00:00-04:00,2024-07-01,M1-FINMULTITIME-DRAFT-0.1,UNAVAILABLE,0,,,,0,0,AVAILABLE,Assets=2024-05-01;Liabilities=2024-05-01;NetCashProvidedByUsedInFinancingActivities=2024-05-01;NetCashProvidedByUsedInInvestingActivities=2024-05-01;NetCashProvidedByUsedInOperatingActivities=2024-05-01;StockholdersEquity=2024-05-01,6,2024-05-01,58,0,latest eligible filed version per exact concept/unit/start/end group,AVAILABLE,2024-06-28,60,0,cumulative_return_20d;cumulative_return_5d;cumulative_return_60d;drawdown_from_60d_peak;high_low_range_20d;realised_volatility_20d_annualised;relative_volume_vs_20d_mean,AVAILABLE,jpm_2023_H2_candlestick.png,2023-12-31,180,none beyond strict inferred window-end gate,IMAGE_WINDOW_END_INFERRED_FROM_HALF_YEAR_FILENAME,0,0,d7219af7a1775acca60c7e1f7ab6f9d41a38b8f661123842e89ff59a23de364e,19,806,489,96,2010,2010
